ts_utc,pv_pot_main_w,pv_main_w,micro_w,load_w,grid_w,batt_dc_w,soc_pct,da_eur_kwh,fc_pv_om24_main_w,fc_pv_om48_main_w
2026-04-12T22:00:00+00:00,0.0,0.0,0.0,375.2,375.2,0.0,50.0,0.08494,0.0,0.0
2026-04-12T22:15:00+00:00,0.0,0.0,0.0,300.0,300.0,0.0,50.0,0.07901,0.0,0.0
2026-04-12T22:30:00+00:00,0.0,0.0,0.0,300.0,300.0,0.0,50.0,0.07675,0.0,0.0
2026-04-12T22:45:00+00:00,0.0,0.0,0.0,300.0,300.0,0.0,50.0,0.07898,0.0,0.0
2026-04-12T23:00:00+00:00,0.0,0.0,0.0,454.2,454.2,0.0,50.0,0.0693,0.0,0.0
2026-04-12T23:15:00+00:00,0.0,0.0,0.0,636.9,636.9,0.0,50.0,0.07509,0.0,0.0
2026-04-12T23:30:00+00:00,0.0,0.0,0.0,506.7,506.7,0.0,50.0,0.07448,0.0,0.0
2026-04-12T23:45:00+00:00,0.0,0.0,0.0,460.3,460.3,0.0,50.0,0.06852,0.0,0.0
2026-04-13T00:00:00+00:00,0.0,0.0,0.0,337.4,337.4,0.0,50.0,0.07204,0.0,0.0
2026-04-13T00:15:00+00:00,0.0,0.0,0.0,304.1,304.1,0.0,50.0,0.06998,0.0,0.0
2026-04-13T00:30:00+00:00,0.0,0.0,0.0,300.0,300.0,0.0,50.0,0.06923,0.0,0.0
2026-04-13T00:45:00+00:00,0.0,0.0,0.0,300.0,300.0,0.0,50.0,0.06069,0.0,0.0
2026-04-13T01:00:00+00:00,0.0,0.0,0.0,300.0,300.0,0.0,50.0,0.06083,0.0,0.0
2026-04-13T01:15:00+00:00,0.0,0.0,0.0,300.0,300.0,0.0,50.0,0.06121,0.0,0.0
2026-04-13T01:30:00+00:00,0.0,0.0,0.0,309.6,309.6,0.0,50.0,0.06574,0.0,0.0
2026-04-13T01:45:00+00:00,0.0,0.0,0.0,396.9,396.9,0.0,50.0,0.06131,0.0,0.0
2026-04-13T02:00:00+00:00,0.0,0.0,0.0,407.8,407.8,0.0,50.0,0.0643,0.0,0.0
2026-04-13T02:15:00+00:00,0.0,0.0,0.0,439.7,439.7,0.0,50.0,0.07253,0.0,0.0
2026-04-13T02:30:00+00:00,0.0,0.0,0.0,422.9,422.9,0.0,50.0,0.07914,0.0,0.0
2026-04-13T02:45:00+00:00,0.0,0.0,0.0,417.2,417.2,0.0,50.0,0.06825,0.0,0.0
2026-04-13T03:00:00+00:00,0.0,0.0,0.0,335.5,335.5,0.0,50.0,0.0775,0.0,0.0
2026-04-13T03:15:00+00:00,0.0,0.0,0.0,300.0,300.0,0.0,50.0,0.08195,0.0,0.0
2026-04-13T03:30:00+00:00,0.0,0.0,0.0,440.3,440.3,0.0,50.0,0.08003,0.0,0.0
2026-04-13T03:45:00+00:00,0.0,0.0,0.0,456.0,456.0,0.0,50.0,0.07942,0.0,0.0
2026-04-13T04:00:00+00:00,0.0,0.0,0.0,642.4,642.4,0.0,50.0,0.10068,0.0,0.0
2026-04-13T04:15:00+00:00,0.0,0.0,0.0,579.1,579.1,0.0,50.0,0.09375,0.0,0.0
2026-04-13T04:30:00+00:00,0.0,0.0,0.0,710.3,710.3,0.0,50.0,0.09885,0.0,0.0
2026-04-13T04:45:00+00:00,2757.3,2757.3,0.0,830.9,-1926.4,0.0,50.0,0.08835,2499.0,2925.2
2026-04-13T05:00:00+00:00,3269.4,3269.4,0.0,1108.2,-2161.2,0.0,50.0,0.10394,2994.8,3438.2
2026-04-13T05:15:00+00:00,3473.1,3473.1,0.0,1236.5,-2236.6,0.0,50.0,0.10786,3213.1,3504.7
2026-04-13T05:30:00+00:00,3792.8,3792.8,0.0,1266.7,-2526.2,0.0,50.0,0.10008,3440.1,3485.9
2026-04-13T05:45:00+00:00,3686.7,3686.7,0.0,1248.3,-2438.4,0.0,50.0,0.10946,3315.5,3445.9
2026-04-13T06:00:00+00:00,3976.7,3976.7,0.0,1115.3,-2861.5,0.0,50.0,0.10383,3638.4,3638.8
2026-04-13T06:15:00+00:00,4126.0,4126.0,0.0,907.7,-3218.3,0.0,50.0,0.1034,3589.4,3838.2
2026-04-13T06:30:00+00:00,4096.1,4096.1,0.0,817.6,-3278.6,0.0,50.0,0.10716,3375.8,3939.2
2026-04-13T06:45:00+00:00,4703.0,4703.0,0.0,804.7,-3898.3,0.0,50.0,0.11093,3660.0,4593.4
2026-04-13T07:00:00+00:00,4554.0,4554.0,0.0,601.5,-3952.4,0.0,50.0,0.07338,3473.7,5017.6
2026-04-13T07:15:00+00:00,5016.8,5016.8,0.0,637.0,-4379.8,0.0,50.0,0.07511,3858.2,5733.6
2026-04-13T07:30:00+00:00,4610.1,4610.1,0.0,362.4,-4247.8,0.0,50.0,0.07077,3577.6,4759.0
2026-04-13T07:45:00+00:00,5074.5,5074.5,0.0,391.8,-4682.7,0.0,50.0,0.06736,4180.3,4822.6
2026-04-13T08:00:00+00:00,5010.3,5010.3,0.0,380.8,-4629.5,0.0,50.0,0.04416,4531.6,4707.8
2026-04-13T08:15:00+00:00,5082.1,5082.1,0.0,462.8,-4619.3,0.0,50.0,0.03951,4538.6,4501.1
2026-04-13T08:30:00+00:00,5124.8,5124.8,0.0,469.2,-4655.7,0.0,50.0,0.04199,4790.9,4424.5
2026-04-13T08:45:00+00:00,4579.3,4579.3,0.0,514.0,-4065.3,0.0,50.0,0.03465,4397.9,3780.2
2026-04-13T09:00:00+00:00,4352.0,4352.0,0.0,594.6,-3757.5,0.0,50.0,0.00776,4150.9,4130.4
2026-04-13T09:15:00+00:00,4717.3,4717.3,0.0,434.6,-4282.7,0.0,50.0,0.00568,4628.5,4301.7
2026-04-13T09:30:00+00:00,5298.3,5298.3,0.0,354.3,-4944.0,0.0,50.0,0.01155,4775.1,4709.2
2026-04-13T09:45:00+00:00,5057.6,5057.6,0.0,409.6,-4647.9,0.0,50.0,0.01434,4513.0,5494.2
2026-04-13T10:00:00+00:00,5825.3,5825.3,0.0,436.6,-5388.7,0.0,50.0,-0.00892,5147.1,6804.2
2026-04-13T10:15:00+00:00,6285.2,6285.2,0.0,456.8,-5828.4,0.0,50.0,-0.00832,5560.2,7435.4
2026-04-13T10:30:00+00:00,6549.2,6549.2,0.0,398.9,-6150.3,0.0,50.0,-0.00657,5592.9,7878.7
2026-04-13T10:45:00+00:00,6974.5,6974.5,0.0,409.2,-6565.3,0.0,50.0,-0.00449,5617.2,8411.7
2026-04-13T11:00:00+00:00,7555.5,7555.5,0.0,344.3,-7211.2,0.0,50.0,-0.00708,6554.3,9236.3
2026-04-13T11:15:00+00:00,7191.1,7191.1,0.0,333.7,-6857.3,0.0,50.0,-0.00399,6126.5,8102.5
2026-04-13T11:30:00+00:00,6954.0,6954.0,0.0,435.4,-6518.5,0.0,50.0,-0.00558,5851.4,6160.9
2026-04-13T11:45:00+00:00,6975.8,6975.8,0.0,561.9,-6413.8,0.0,50.0,-0.00129,5511.1,6623.5
2026-04-13T12:00:00+00:00,6428.1,6428.1,0.0,494.4,-5933.7,0.0,50.0,0.00556,5547.6,5869.6
2026-04-13T12:15:00+00:00,5721.4,5721.4,0.0,508.5,-5212.9,0.0,50.0,0.0109,5116.7,5025.3
2026-04-13T12:30:00+00:00,6062.2,6062.2,0.0,345.5,-5716.7,0.0,50.0,0.00795,5515.1,4576.6
2026-04-13T12:45:00+00:00,6355.2,6355.2,0.0,401.7,-5953.5,0.0,50.0,0.01656,6207.5,4221.2
2026-04-13T13:00:00+00:00,6253.7,6253.7,0.0,488.7,-5765.0,0.0,50.0,0.03554,6215.0,4766.5
2026-04-13T13:15:00+00:00,6341.7,6341.7,0.0,509.9,-5831.8,0.0,50.0,0.03109,6610.1,4685.2
2026-04-13T13:30:00+00:00,6372.2,6372.2,0.0,574.6,-5797.6,0.0,50.0,0.04056,6600.9,4446.4
2026-04-13T13:45:00+00:00,6145.3,6145.3,0.0,557.9,-5587.4,0.0,50.0,0.03853,6407.6,4570.2
2026-04-13T14:00:00+00:00,5678.1,5678.1,0.0,638.8,-5039.3,0.0,50.0,0.07999,5744.4,5100.2
2026-04-13T14:15:00+00:00,5553.3,5553.3,0.0,661.7,-4891.6,0.0,50.0,0.08572,5176.3,5206.5
2026-04-13T14:30:00+00:00,5221.2,5221.2,0.0,640.5,-4580.7,0.0,50.0,0.0853,5134.2,4955.4
2026-04-13T14:45:00+00:00,4626.1,4626.1,0.0,702.6,-3923.5,0.0,50.0,0.07969,4329.6,4452.2
2026-04-13T15:00:00+00:00,4211.4,4211.4,0.0,849.3,-3362.1,0.0,50.0,0.14198,3862.6,3741.5
2026-04-13T15:15:00+00:00,3710.7,3710.7,0.0,1038.3,-2672.4,0.0,50.0,0.14837,3500.9,3331.0
2026-04-13T15:30:00+00:00,3843.0,3843.0,0.0,1405.1,-2437.9,0.0,50.0,0.14235,3414.3,3327.8
2026-04-13T15:45:00+00:00,4100.3,4100.3,0.0,1412.9,-2687.4,0.0,50.0,0.1459,3748.1,3849.1
2026-04-13T16:00:00+00:00,4068.4,4068.4,0.0,1674.6,-2393.8,0.0,50.0,0.20428,3582.4,3775.2
2026-04-13T16:15:00+00:00,4063.6,4063.6,0.0,1840.8,-2222.8,0.0,50.0,0.20523,3960.2,3688.7
2026-04-13T16:30:00+00:00,3830.3,3830.3,0.0,1915.9,-1914.5,0.0,50.0,0.21057,3405.9,3577.1
2026-04-13T16:45:00+00:00,3858.8,3858.8,0.0,2027.9,-1831.0,0.0,50.0,0.20291,3312.3,3557.4
2026-04-13T17:00:00+00:00,3768.8,3768.8,0.0,1913.1,-1855.7,0.0,50.0,0.20875,3386.9,3756.7
2026-04-13T17:15:00+00:00,3783.0,3783.0,0.0,1960.4,-1822.5,0.0,50.0,0.21194,3460.7,4164.9
2026-04-13T17:30:00+00:00,3443.8,3443.8,0.0,1832.1,-1611.7,0.0,50.0,0.20787,3051.0,3754.1
2026-04-13T17:45:00+00:00,3230.1,3230.1,0.0,1674.4,-1555.7,0.0,50.0,0.2062,2732.6,3639.0
2026-04-13T18:00:00+00:00,3329.7,3329.7,0.0,1449.9,-1879.9,0.0,50.0,0.15652,3086.3,3807.6
2026-04-13T18:15:00+00:00,3143.5,3143.5,0.0,1251.8,-1891.7,0.0,50.0,0.15361,3055.7,3526.2
2026-04-13T18:30:00+00:00,0.0,0.0,0.0,1126.0,1126.0,0.0,50.0,0.15664,0.0,0.0
2026-04-13T18:45:00+00:00,0.0,0.0,0.0,1117.1,1117.1,0.0,50.0,0.16484,0.0,0.0
2026-04-13T19:00:00+00:00,0.0,0.0,0.0,919.7,919.7,0.0,50.0,0.10727,0.0,0.0
2026-04-13T19:15:00+00:00,0.0,0.0,0.0,753.2,753.2,0.0,50.0,0.1162,0.0,0.0
2026-04-13T19:30:00+00:00,0.0,0.0,0.0,574.2,574.2,0.0,50.0,0.10894,0.0,0.0
2026-04-13T19:45:00+00:00,0.0,0.0,0.0,610.0,610.0,0.0,50.0,0.10264,0.0,0.0
2026-04-13T20:00:00+00:00,0.0,0.0,0.0,503.5,503.5,0.0,50.0,0.09421,0.0,0.0
2026-04-13T20:15:00+00:00,0.0,0.0,0.0,360.9,360.9,0.0,50.0,0.09147,0.0,0.0
2026-04-13T20:30:00+00:00,0.0,0.0,0.0,319.6,319.6,0.0,50.0,0.09371,0.0,0.0
2026-04-13T20:45:00+00:00,0.0,0.0,0.0,391.7,391.7,0.0,50.0,0.09365,0.0,0.0
2026-04-13T21:00:00+00:00,0.0,0.0,0.0,345.0,345.0,0.0,50.0,0.08192,0.0,0.0
2026-04-13T21:15:00+00:00,0.0,0.0,0.0,300.0,300.0,0.0,50.0,0.08283,0.0,0.0
2026-04-13T21:30:00+00:00,0.0,0.0,0.0,300.0,300.0,0.0,50.0,0.08468,0.0,0.0
2026-04-13T21:45:00+00:00,0.0,0.0,0.0,300.0,300.0,0.0,50.0,0.08875,0.0,0.0
2026-04-13T22:00:00+00:00,0.0,0.0,0.0,300.0,300.0,0.0,50.0,0.08167,0.0,0.0
2026-04-13T22:15:00+00:00,0.0,0.0,0.0,300.0,300.0,0.0,50.0,0.07795,0.0,0.0
2026-04-13T22:30:00+00:00,0.0,0.0,0.0,313.9,313.9,0.0,50.0,0.08608,0.0,0.0
2026-04-13T22:45:00+00:00,0.0,0.0,0.0,471.8,471.8,0.0,50.0,0.08572,0.0,0.0
2026-04-13T23:00:00+00:00,0.0,0.0,0.0,546.1,546.1,0.0,50.0,0.07347,0.0,0.0
2026-04-13T23:15:00+00:00,0.0,0.0,0.0,539.5,539.5,0.0,50.0,0.07681,0.0,0.0
2026-04-13T23:30:00+00:00,0.0,0.0,0.0,418.4,418.4,0.0,50.0,0.07916,0.0,0.0
2026-04-13T23:45:00+00:00,0.0,0.0,0.0,300.0,300.0,0.0,50.0,0.07991,0.0,0.0
2026-04-14T00:00:00+00:00,0.0,0.0,0.0,300.0,300.0,0.0,50.0,0.07464,0.0,0.0
2026-04-14T00:15:00+00:00,0.0,0.0,0.0,300.0,300.0,0.0,50.0,0.07135,0.0,0.0
2026-04-14T00:30:00+00:00,0.0,0.0,0.0,300.0,300.0,0.0,50.0,0.07165,0.0,0.0
2026-04-14T00:45:00+00:00,0.0,0.0,0.0,425.8,425.8,0.0,50.0,0.0761,0.0,0.0
2026-04-14T01:00:00+00:00,0.0,0.0,0.0,300.0,300.0,0.0,50.0,0.07079,0.0,0.0
2026-04-14T01:15:00+00:00,0.0,0.0,0.0,300.0,300.0,0.0,50.0,0.07527,0.0,0.0
2026-04-14T01:30:00+00:00,0.0,0.0,0.0,300.0,300.0,0.0,50.0,0.06685,0.0,0.0
2026-04-14T01:45:00+00:00,0.0,0.0,0.0,469.8,469.8,0.0,50.0,0.06457,0.0,0.0
2026-04-14T02:00:00+00:00,0.0,0.0,0.0,547.0,547.0,0.0,50.0,0.07085,0.0,0.0
2026-04-14T02:15:00+00:00,0.0,0.0,0.0,490.0,490.0,0.0,50.0,0.07075,0.0,0.0
2026-04-14T02:30:00+00:00,0.0,0.0,0.0,464.1,464.1,0.0,50.0,0.07675,0.0,0.0
2026-04-14T02:45:00+00:00,0.0,0.0,0.0,532.2,532.2,0.0,50.0,0.07903,0.0,0.0
2026-04-14T03:00:00+00:00,0.0,0.0,0.0,312.9,312.9,0.0,50.0,0.08031,0.0,0.0
2026-04-14T03:15:00+00:00,0.0,0.0,0.0,323.6,323.6,0.0,50.0,0.08579,0.0,0.0
2026-04-14T03:30:00+00:00,0.0,0.0,0.0,300.0,300.0,0.0,50.0,0.08941,0.0,0.0
2026-04-14T03:45:00+00:00,0.0,0.0,0.0,493.6,493.6,0.0,50.0,0.08072,0.0,0.0
2026-04-14T04:00:00+00:00,0.0,0.0,0.0,663.3,663.3,0.0,50.0,0.09707,0.0,0.0
2026-04-14T04:15:00+00:00,0.0,0.0,0.0,894.1,894.1,0.0,50.0,0.10101,0.0,0.0
2026-04-14T04:30:00+00:00,0.0,0.0,0.0,998.3,998.3,0.0,50.0,0.0995,0.0,0.0
2026-04-14T04:45:00+00:00,2330.4,2330.4,0.0,1058.2,-1272.2,0.0,50.0,0.09787,2046.2,2240.5
2026-04-14T05:00:00+00:00,2371.9,2371.9,0.0,1176.1,-1195.8,0.0,50.0,0.10982,2084.5,2153.1
2026-04-14T05:15:00+00:00,2727.1,2727.1,0.0,1382.5,-1344.6,0.0,50.0,0.11012,2490.3,2704.8
2026-04-14T05:30:00+00:00,2921.5,2921.5,0.0,1368.5,-1553.0,0.0,50.0,0.10876,2737.1,3109.6
2026-04-14T05:45:00+00:00,3308.7,3308.7,0.0,1463.3,-1845.3,0.0,50.0,0.1179,3075.6,3458.2
2026-04-14T06:00:00+00:00,3083.9,3083.9,0.0,1311.1,-1772.8,0.0,50.0,0.10551,2920.4,3188.6
2026-04-14T06:15:00+00:00,3555.7,3555.7,0.0,1139.6,-2416.1,0.0,50.0,0.10386,3696.2,3549.3
2026-04-14T06:30:00+00:00,3640.0,3640.0,0.0,843.3,-2796.8,0.0,50.0,0.10461,3751.3,3993.8
2026-04-14T06:45:00+00:00,4000.3,4000.3,0.0,792.1,-3208.3,0.0,50.0,0.1092,4209.6,4278.0
2026-04-14T07:00:00+00:00,4647.1,4647.1,0.0,597.2,-4049.9,0.0,50.0,0.07215,5003.2,4183.0
2026-04-14T07:15:00+00:00,4787.2,4787.2,0.0,520.1,-4267.1,0.0,50.0,0.07405,5357.2,4142.3
2026-04-14T07:30:00+00:00,5182.1,5182.1,0.0,380.1,-4802.0,0.0,50.0,0.0725,5759.7,4572.8
2026-04-14T07:45:00+00:00,5524.4,5524.4,0.0,432.7,-5091.7,0.0,50.0,0.07813,5968.1,4800.8
2026-04-14T08:00:00+00:00,5618.7,5618.7,0.0,455.8,-5162.9,0.0,50.0,0.03853,6249.3,4417.4
2026-04-14T08:15:00+00:00,5691.3,5691.3,0.0,466.1,-5225.3,0.0,50.0,0.04045,6268.2,4524.9
2026-04-14T08:30:00+00:00,5742.0,5742.0,0.0,452.6,-5289.4,0.0,50.0,0.0409,6368.6,4188.5
2026-04-14T08:45:00+00:00,5770.5,5770.5,0.0,394.7,-5375.8,0.0,50.0,0.04251,6386.5,3713.5
2026-04-14T09:00:00+00:00,5671.2,5671.2,0.0,511.2,-5160.0,0.0,50.0,0.02017,6388.5,3612.6
2026-04-14T09:15:00+00:00,5880.6,5880.6,0.0,629.4,-5251.1,0.0,50.0,0.01531,6764.0,3923.8
2026-04-14T09:30:00+00:00,5932.2,5932.2,0.0,518.2,-5414.0,0.0,50.0,0.00439,6702.2,4140.6
2026-04-14T09:45:00+00:00,5718.8,5718.8,0.0,449.2,-5269.7,0.0,50.0,0.00679,6486.5,4263.6
2026-04-14T10:00:00+00:00,5301.9,5301.9,0.0,438.7,-4863.2,0.0,50.0,0.0002,5742.5,4158.6
2026-04-14T10:15:00+00:00,5585.0,5585.0,0.0,419.1,-5165.9,0.0,50.0,0.00522,5830.6,4300.0
2026-04-14T10:30:00+00:00,5881.0,5881.0,0.0,454.8,-5426.2,0.0,50.0,0.00221,6190.3,4476.8
2026-04-14T10:45:00+00:00,5846.0,5846.0,0.0,513.4,-5332.6,0.0,50.0,-0.00405,6202.1,3785.7
2026-04-14T11:00:00+00:00,5836.9,5836.9,0.0,610.2,-5226.7,0.0,50.0,-0.00597,5961.1,3673.5
2026-04-14T11:15:00+00:00,5609.6,5609.6,0.0,478.2,-5131.5,0.0,50.0,0.0014,5785.8,3380.0
2026-04-14T11:30:00+00:00,5725.2,5725.2,0.0,431.6,-5293.5,0.0,50.0,0.00378,6196.3,3892.9
2026-04-14T11:45:00+00:00,6335.4,6335.4,0.0,428.6,-5906.7,0.0,50.0,-0.00087,6868.3,4284.1
2026-04-14T12:00:00+00:00,7030.6,7030.6,0.0,557.4,-6473.2,0.0,50.0,0.0189,7589.8,4655.6
2026-04-14T12:15:00+00:00,6507.9,6507.9,0.0,651.6,-5856.4,0.0,50.0,0.0125,6806.1,4761.1
2026-04-14T12:30:00+00:00,6647.4,6647.4,0.0,585.5,-6061.9,0.0,50.0,0.02433,6525.8,5278.3
2026-04-14T12:45:00+00:00,6845.4,6845.4,0.0,574.6,-6270.8,0.0,50.0,0.01098,6596.4,5511.9
2026-04-14T13:00:00+00:00,6603.2,6603.2,0.0,560.3,-6042.9,0.0,50.0,0.04064,5824.4,5201.9
2026-04-14T13:15:00+00:00,6394.0,6394.0,0.0,660.9,-5733.1,0.0,50.0,0.03631,5619.1,5745.8
2026-04-14T13:30:00+00:00,6430.0,6430.0,0.0,778.9,-5651.1,0.0,50.0,0.04566,5471.6,5158.2
2026-04-14T13:45:00+00:00,5897.7,5897.7,0.0,790.1,-5107.6,0.0,50.0,0.04407,5088.2,5725.3
2026-04-14T14:00:00+00:00,5509.4,5509.4,0.0,717.6,-4791.8,0.0,50.0,0.08495,5084.1,4855.3
2026-04-14T14:15:00+00:00,5726.9,5726.9,0.0,634.9,-5092.0,0.0,50.0,0.09677,5628.6,4923.6
2026-04-14T14:30:00+00:00,5387.3,5387.3,0.0,889.2,-4498.1,0.0,50.0,0.08147,5725.2,4397.3
2026-04-14T14:45:00+00:00,4976.0,4976.0,0.0,1031.5,-3944.5,0.0,50.0,0.08106,5400.8,4102.7
2026-04-14T15:00:00+00:00,4850.3,4850.3,0.0,1113.0,-3737.3,0.0,50.0,0.15098,5269.0,4065.9
2026-04-14T15:15:00+00:00,4755.1,4755.1,0.0,1087.2,-3667.8,0.0,50.0,0.14336,5324.6,3208.1
2026-04-14T15:30:00+00:00,4348.1,4348.1,0.0,1359.8,-2988.2,0.0,50.0,0.14841,4974.5,3525.0
2026-04-14T15:45:00+00:00,4239.9,4239.9,0.0,1475.9,-2764.0,0.0,50.0,0.14237,4655.8,3377.1
2026-04-14T16:00:00+00:00,4195.4,4195.4,0.0,1582.4,-2613.0,0.0,50.0,0.2114,4698.4,3428.2
2026-04-14T16:15:00+00:00,4227.3,4227.3,0.0,1700.5,-2526.9,0.0,50.0,0.20353,4664.2,3162.2
2026-04-14T16:30:00+00:00,4428.7,4428.7,0.0,1912.8,-2515.9,0.0,50.0,0.20946,4838.6,3829.5
2026-04-14T16:45:00+00:00,4285.9,4285.9,0.0,1899.9,-2386.0,0.0,50.0,0.19957,4610.1,3885.2
2026-04-14T17:00:00+00:00,4212.4,4212.4,0.0,1855.9,-2356.6,0.0,50.0,0.20857,4521.8,3466.6
2026-04-14T17:15:00+00:00,4194.2,4194.2,0.0,1647.2,-2547.0,0.0,50.0,0.21189,4684.7,3430.1
2026-04-14T17:30:00+00:00,3959.6,3959.6,0.0,1645.0,-2314.6,0.0,50.0,0.20496,4191.6,3332.2
2026-04-14T17:45:00+00:00,3865.2,3865.2,0.0,1681.7,-2183.6,0.0,50.0,0.20759,3894.6,3387.4
2026-04-14T18:00:00+00:00,3833.9,3833.9,0.0,1656.3,-2177.6,0.0,50.0,0.1613,4026.7,2873.3
2026-04-14T18:15:00+00:00,3667.0,3667.0,0.0,1532.7,-2134.2,0.0,50.0,0.1596,3766.7,2226.9
2026-04-14T18:30:00+00:00,0.0,0.0,0.0,1210.6,1210.6,0.0,50.0,0.16317,0.0,0.0
2026-04-14T18:45:00+00:00,0.0,0.0,0.0,1016.3,1016.3,0.0,50.0,0.1618,0.0,0.0
2026-04-14T19:00:00+00:00,0.0,0.0,0.0,673.4,673.4,0.0,50.0,0.11283,0.0,0.0
2026-04-14T19:15:00+00:00,0.0,0.0,0.0,644.7,644.7,0.0,50.0,0.11246,0.0,0.0
2026-04-14T19:30:00+00:00,0.0,0.0,0.0,592.1,592.1,0.0,50.0,0.12255,0.0,0.0
2026-04-14T19:45:00+00:00,0.0,0.0,0.0,713.1,713.1,0.0,50.0,0.11435,0.0,0.0
2026-04-14T20:00:00+00:00,0.0,0.0,0.0,545.6,545.6,0.0,50.0,0.09524,0.0,0.0
2026-04-14T20:15:00+00:00,0.0,0.0,0.0,486.8,486.8,0.0,50.0,0.1041,0.0,0.0
2026-04-14T20:30:00+00:00,0.0,0.0,0.0,572.5,572.5,0.0,50.0,0.09077,0.0,0.0
2026-04-14T20:45:00+00:00,0.0,0.0,0.0,554.0,554.0,0.0,50.0,0.08909,0.0,0.0
2026-04-14T21:00:00+00:00,0.0,0.0,0.0,505.2,505.2,0.0,50.0,0.08383,0.0,0.0
2026-04-14T21:15:00+00:00,0.0,0.0,0.0,458.0,458.0,0.0,50.0,0.08819,0.0,0.0
2026-04-14T21:30:00+00:00,0.0,0.0,0.0,451.0,451.0,0.0,50.0,0.085,0.0,0.0
2026-04-14T21:45:00+00:00,0.0,0.0,0.0,526.9,526.9,0.0,50.0,0.08757,0.0,0.0
2026-04-14T22:00:00+00:00,0.0,0.0,0.0,500.4,500.4,0.0,50.0,0.08378,0.0,0.0
2026-04-14T22:15:00+00:00,0.0,0.0,0.0,405.0,405.0,0.0,50.0,0.08224,0.0,0.0
2026-04-14T22:30:00+00:00,0.0,0.0,0.0,300.0,300.0,0.0,50.0,0.08035,0.0,0.0
2026-04-14T22:45:00+00:00,0.0,0.0,0.0,300.0,300.0,0.0,50.0,0.0889,0.0,0.0
2026-04-14T23:00:00+00:00,0.0,0.0,0.0,314.5,314.5,0.0,50.0,0.07954,0.0,0.0
2026-04-14T23:15:00+00:00,0.0,0.0,0.0,379.7,379.7,0.0,50.0,0.07254,0.0,0.0
2026-04-14T23:30:00+00:00,0.0,0.0,0.0,300.0,300.0,0.0,50.0,0.08292,0.0,0.0
2026-04-14T23:45:00+00:00,0.0,0.0,0.0,300.0,300.0,0.0,50.0,0.07224,0.0,0.0
2026-04-15T00:00:00+00:00,0.0,0.0,0.0,300.0,300.0,0.0,50.0,0.07796,0.0,0.0
2026-04-15T00:15:00+00:00,0.0,0.0,0.0,370.1,370.1,0.0,50.0,0.07516,0.0,0.0
2026-04-15T00:30:00+00:00,0.0,0.0,0.0,362.7,362.7,0.0,50.0,0.07422,0.0,0.0
2026-04-15T00:45:00+00:00,0.0,0.0,0.0,300.0,300.0,0.0,50.0,0.0693,0.0,0.0
2026-04-15T01:00:00+00:00,0.0,0.0,0.0,300.0,300.0,0.0,50.0,0.07527,0.0,0.0
2026-04-15T01:15:00+00:00,0.0,0.0,0.0,303.5,303.5,0.0,50.0,0.07012,0.0,0.0
2026-04-15T01:30:00+00:00,0.0,0.0,0.0,393.0,393.0,0.0,50.0,0.06898,0.0,0.0
2026-04-15T01:45:00+00:00,0.0,0.0,0.0,300.0,300.0,0.0,50.0,0.07853,0.0,0.0
2026-04-15T02:00:00+00:00,0.0,0.0,0.0,300.0,300.0,0.0,50.0,0.07263,0.0,0.0
2026-04-15T02:15:00+00:00,0.0,0.0,0.0,406.4,406.4,0.0,50.0,0.07179,0.0,0.0
2026-04-15T02:30:00+00:00,0.0,0.0,0.0,443.6,443.6,0.0,50.0,0.07564,0.0,0.0
2026-04-15T02:45:00+00:00,0.0,0.0,0.0,507.0,507.0,0.0,50.0,0.07087,0.0,0.0
2026-04-15T03:00:00+00:00,0.0,0.0,0.0,389.6,389.6,0.0,50.0,0.07829,0.0,0.0
2026-04-15T03:15:00+00:00,0.0,0.0,0.0,399.4,399.4,0.0,50.0,0.08147,0.0,0.0
2026-04-15T03:30:00+00:00,0.0,0.0,0.0,310.7,310.7,0.0,50.0,0.07971,0.0,0.0
2026-04-15T03:45:00+00:00,0.0,0.0,0.0,328.4,328.4,0.0,50.0,0.08989,0.0,0.0
2026-04-15T04:00:00+00:00,0.0,0.0,0.0,407.8,407.8,0.0,50.0,0.09249,0.0,0.0
2026-04-15T04:15:00+00:00,0.0,0.0,0.0,606.4,606.4,0.0,50.0,0.0952,0.0,0.0
2026-04-15T04:30:00+00:00,0.0,0.0,0.0,645.0,645.0,0.0,50.0,0.09183,0.0,0.0
2026-04-15T04:45:00+00:00,897.2,897.2,0.0,847.1,-50.0,0.0,50.0,0.10484,1030.2,1310.6
2026-04-15T05:00:00+00:00,1080.3,1080.3,0.0,1124.3,44.0,0.0,50.0,0.11538,1213.2,1646.0
2026-04-15T05:15:00+00:00,1165.2,1165.2,0.0,1420.7,255.5,0.0,50.0,0.11431,1254.6,1838.1
2026-04-15T05:30:00+00:00,1214.0,1214.0,0.0,1468.7,254.7,0.0,50.0,0.10895,1286.2,2001.5
2026-04-15T05:45:00+00:00,1363.8,1363.8,0.0,1368.8,5.0,0.0,50.0,0.10703,1450.5,2306.6
2026-04-15T06:00:00+00:00,1371.5,1371.5,0.0,1292.9,-78.6,0.0,50.0,0.11795,1466.8,2123.1
2026-04-15T06:15:00+00:00,1488.1,1488.1,0.0,1170.2,-317.9,0.0,50.0,0.11097,1592.2,2391.0
2026-04-15T06:30:00+00:00,1496.3,1496.3,0.0,848.4,-647.9,0.0,50.0,0.10489,1677.9,2217.3
2026-04-15T06:45:00+00:00,1793.7,1793.7,0.0,826.7,-966.9,0.0,50.0,0.11018,2017.4,2688.8
2026-04-15T07:00:00+00:00,1893.6,1893.6,0.0,669.7,-1223.8,0.0,50.0,0.07673,2265.3,2446.9
2026-04-15T07:15:00+00:00,1867.4,1867.4,0.0,541.8,-1325.7,0.0,50.0,0.08731,2201.3,2342.5
2026-04-15T07:30:00+00:00,2038.2,2038.2,0.0,392.3,-1645.9,0.0,50.0,0.07527,2379.4,2656.3
2026-04-15T07:45:00+00:00,2148.4,2148.4,0.0,366.3,-1782.1,0.0,50.0,0.07866,2561.4,2782.2
2026-04-15T08:00:00+00:00,2185.0,2185.0,0.0,520.6,-1664.5,0.0,50.0,0.06126,2554.8,3077.4
2026-04-15T08:15:00+00:00,2213.3,2213.3,0.0,529.0,-1684.3,0.0,50.0,0.05542,2379.8,2636.3
2026-04-15T08:30:00+00:00,2233.0,2233.0,0.0,548.3,-1684.7,0.0,50.0,0.05697,2286.4,2835.9
2026-04-15T08:45:00+00:00,2202.7,2202.7,0.0,474.9,-1727.8,0.0,50.0,0.04623,2389.6,2667.8
2026-04-15T09:00:00+00:00,2099.5,2099.5,0.0,581.6,-1517.9,0.0,50.0,0.02798,2263.9,2639.8
2026-04-15T09:15:00+00:00,2182.2,2182.2,0.0,658.1,-1524.1,0.0,50.0,0.03909,2404.4,2302.7
2026-04-15T09:30:00+00:00,2219.1,2219.1,0.0,596.9,-1622.2,0.0,50.0,0.02741,2293.1,1930.1
2026-04-15T09:45:00+00:00,1917.9,1917.9,0.0,454.5,-1463.4,0.0,50.0,0.0371,2222.3,1865.3
2026-04-15T10:00:00+00:00,2116.2,2116.2,0.0,441.8,-1674.3,0.0,50.0,0.02041,2380.3,2384.1
2026-04-15T10:15:00+00:00,2421.8,2421.8,0.0,649.2,-1772.6,0.0,50.0,0.01939,2559.6,2466.1
2026-04-15T10:30:00+00:00,2623.7,2623.7,0.0,702.6,-1921.2,0.0,50.0,0.02169,2756.1,2517.6
2026-04-15T10:45:00+00:00,2521.5,2521.5,0.0,721.3,-1800.2,0.0,50.0,0.0157,2464.4,2955.5
2026-04-15T11:00:00+00:00,2588.2,2588.2,0.0,573.1,-2015.0,0.0,50.0,0.01451,2670.6,3443.1
2026-04-15T11:15:00+00:00,2737.3,2737.3,0.0,493.9,-2243.4,0.0,50.0,0.01649,2747.6,3465.4
2026-04-15T11:30:00+00:00,2811.5,2811.5,0.0,432.7,-2378.8,0.0,50.0,0.01807,3056.3,3544.3
2026-04-15T11:45:00+00:00,2881.2,2881.2,0.0,335.4,-2545.8,0.0,50.0,0.02039,3384.2,3661.3
2026-04-15T12:00:00+00:00,2878.7,2878.7,0.0,509.4,-2369.3,0.0,50.0,0.03383,3613.3,3261.8
2026-04-15T12:15:00+00:00,2726.0,2726.0,0.0,550.8,-2175.2,0.0,50.0,0.0369,3415.5,2878.0
2026-04-15T12:30:00+00:00,2558.1,2558.1,0.0,698.1,-1860.1,0.0,50.0,0.0331,3066.1,2559.7
2026-04-15T12:45:00+00:00,2554.0,2554.0,0.0,689.2,-1864.8,0.0,50.0,0.03084,2896.7,2815.0
2026-04-15T13:00:00+00:00,2533.3,2533.3,0.0,690.0,-1843.3,0.0,50.0,0.05068,2659.5,2770.8
2026-04-15T13:15:00+00:00,2438.4,2438.4,0.0,750.0,-1688.4,0.0,50.0,0.05866,2423.3,2790.7
2026-04-15T13:30:00+00:00,2204.7,2204.7,0.0,656.3,-1548.4,0.0,50.0,0.05158,1953.0,2580.0
2026-04-15T13:45:00+00:00,2222.6,2222.6,0.0,627.4,-1595.1,0.0,50.0,0.06291,1995.7,2631.5
2026-04-15T14:00:00+00:00,2176.8,2176.8,0.0,568.2,-1608.6,0.0,50.0,0.09573,2000.1,2453.5
2026-04-15T14:15:00+00:00,2102.8,2102.8,0.0,700.5,-1402.3,0.0,50.0,0.09581,2134.0,2475.7
2026-04-15T14:30:00+00:00,2092.8,2092.8,0.0,748.2,-1344.5,0.0,50.0,0.10144,2339.5,2213.8
2026-04-15T14:45:00+00:00,1947.7,1947.7,0.0,838.6,-1109.1,0.0,50.0,0.09714,2190.7,2267.4
2026-04-15T15:00:00+00:00,1802.8,1802.8,0.0,1003.1,-799.7,0.0,50.0,0.1466,2075.4,2076.8
2026-04-15T15:15:00+00:00,1839.8,1839.8,0.0,1268.7,-571.1,0.0,50.0,0.1512,2231.6,2278.8
2026-04-15T15:30:00+00:00,1811.5,1811.5,0.0,1415.7,-395.8,0.0,50.0,0.15722,2206.2,2535.4
2026-04-15T15:45:00+00:00,1850.0,1850.0,0.0,1524.0,-326.0,0.0,50.0,0.15022,2050.1,2633.9
2026-04-15T16:00:00+00:00,1835.3,1835.3,0.0,1635.6,-199.6,0.0,50.0,0.20921,1992.3,2744.4
2026-04-15T16:15:00+00:00,1811.4,1811.4,0.0,1736.7,-74.6,0.0,50.0,0.21151,1904.1,2419.4
2026-04-15T16:30:00+00:00,1739.2,1739.2,0.0,1896.0,156.8,0.0,50.0,0.21521,1855.6,2693.0
2026-04-15T16:45:00+00:00,1748.3,1748.3,0.0,2115.4,367.2,0.0,50.0,0.2133,1750.5,2450.0
2026-04-15T17:00:00+00:00,1815.3,1815.3,0.0,2223.7,408.4,0.0,50.0,0.20856,1684.0,2390.8
2026-04-15T17:15:00+00:00,1629.8,1629.8,0.0,2105.0,475.2,0.0,50.0,0.21467,1519.7,1929.7
2026-04-15T17:30:00+00:00,1690.6,1690.6,0.0,1981.7,291.1,0.0,50.0,0.21295,1474.4,2131.4
2026-04-15T17:45:00+00:00,1526.5,1526.5,0.0,1697.9,171.4,0.0,50.0,0.21749,1383.2,2135.6
2026-04-15T18:00:00+00:00,1446.4,1446.4,0.0,1407.0,-39.4,0.0,50.0,0.15569,1357.3,1763.1
2026-04-15T18:15:00+00:00,1384.2,1384.2,0.0,1265.5,-118.7,0.0,50.0,0.16571,1443.6,1801.7
2026-04-15T18:30:00+00:00,0.0,0.0,0.0,1097.7,1097.7,0.0,50.0,0.16422,0.0,0.0
2026-04-15T18:45:00+00:00,0.0,0.0,0.0,992.6,992.6,0.0,50.0,0.16521,0.0,0.0
2026-04-15T19:00:00+00:00,0.0,0.0,0.0,737.5,737.5,0.0,50.0,0.11801,0.0,0.0
2026-04-15T19:15:00+00:00,0.0,0.0,0.0,574.4,574.4,0.0,50.0,0.12098,0.0,0.0
2026-04-15T19:30:00+00:00,0.0,0.0,0.0,500.8,500.8,0.0,50.0,0.10802,0.0,0.0
2026-04-15T19:45:00+00:00,0.0,0.0,0.0,570.2,570.2,0.0,50.0,0.11122,0.0,0.0
2026-04-15T20:00:00+00:00,0.0,0.0,0.0,581.1,581.1,0.0,50.0,0.10067,0.0,0.0
2026-04-15T20:15:00+00:00,0.0,0.0,0.0,621.7,621.7,0.0,50.0,0.09382,0.0,0.0
2026-04-15T20:30:00+00:00,0.0,0.0,0.0,541.9,541.9,0.0,50.0,0.10267,0.0,0.0
2026-04-15T20:45:00+00:00,0.0,0.0,0.0,521.7,521.7,0.0,50.0,0.1023,0.0,0.0
2026-04-15T21:00:00+00:00,0.0,0.0,0.0,541.6,541.6,0.0,50.0,0.09186,0.0,0.0
2026-04-15T21:15:00+00:00,0.0,0.0,0.0,447.0,447.0,0.0,50.0,0.08569,0.0,0.0
2026-04-15T21:30:00+00:00,0.0,0.0,0.0,407.2,407.2,0.0,50.0,0.09257,0.0,0.0
2026-04-15T21:45:00+00:00,0.0,0.0,0.0,433.5,433.5,0.0,50.0,0.09776,0.0,0.0
2026-04-15T22:00:00+00:00,0.0,0.0,0.0,309.6,309.6,0.0,50.0,0.08274,0.0,0.0
2026-04-15T22:15:00+00:00,0.0,0.0,0.0,300.0,300.0,0.0,50.0,0.07815,0.0,0.0
2026-04-15T22:30:00+00:00,0.0,0.0,0.0,373.4,373.4,0.0,50.0,0.07587,0.0,0.0
2026-04-15T22:45:00+00:00,0.0,0.0,0.0,403.7,403.7,0.0,50.0,0.08967,0.0,0.0
2026-04-15T23:00:00+00:00,0.0,0.0,0.0,381.2,381.2,0.0,50.0,0.08047,0.0,0.0
2026-04-15T23:15:00+00:00,0.0,0.0,0.0,406.9,406.9,0.0,50.0,0.07734,0.0,0.0
2026-04-15T23:30:00+00:00,0.0,0.0,0.0,300.7,300.7,0.0,50.0,0.08019,0.0,0.0
2026-04-15T23:45:00+00:00,0.0,0.0,0.0,343.8,343.8,0.0,50.0,0.0775,0.0,0.0
2026-04-16T00:00:00+00:00,0.0,0.0,0.0,305.0,305.0,0.0,50.0,0.07202,0.0,0.0
2026-04-16T00:15:00+00:00,0.0,0.0,0.0,300.0,300.0,0.0,50.0,0.07256,0.0,0.0
2026-04-16T00:30:00+00:00,0.0,0.0,0.0,300.0,300.0,0.0,50.0,0.06945,0.0,0.0
2026-04-16T00:45:00+00:00,0.0,0.0,0.0,300.0,300.0,0.0,50.0,0.07998,0.0,0.0
2026-04-16T01:00:00+00:00,0.0,0.0,0.0,302.3,302.3,0.0,50.0,0.07597,0.0,0.0
2026-04-16T01:15:00+00:00,0.0,0.0,0.0,347.7,347.7,0.0,50.0,0.07243,0.0,0.0
2026-04-16T01:30:00+00:00,0.0,0.0,0.0,448.4,448.4,0.0,50.0,0.07796,0.0,0.0
2026-04-16T01:45:00+00:00,0.0,0.0,0.0,300.0,300.0,0.0,50.0,0.07439,0.0,0.0
2026-04-16T02:00:00+00:00,0.0,0.0,0.0,311.4,311.4,0.0,50.0,0.07085,0.0,0.0
2026-04-16T02:15:00+00:00,0.0,0.0,0.0,300.0,300.0,0.0,50.0,0.0705,0.0,0.0
2026-04-16T02:30:00+00:00,0.0,0.0,0.0,439.9,439.9,0.0,50.0,0.07081,0.0,0.0
2026-04-16T02:45:00+00:00,0.0,0.0,0.0,559.1,559.1,0.0,50.0,0.07305,0.0,0.0
2026-04-16T03:00:00+00:00,0.0,0.0,0.0,520.7,520.7,0.0,50.0,0.07726,0.0,0.0
2026-04-16T03:15:00+00:00,0.0,0.0,0.0,463.9,463.9,0.0,50.0,0.0809,0.0,0.0
2026-04-16T03:30:00+00:00,0.0,0.0,0.0,417.6,417.6,0.0,50.0,0.07423,0.0,0.0
2026-04-16T03:45:00+00:00,0.0,0.0,0.0,484.2,484.2,0.0,50.0,0.0771,0.0,0.0
2026-04-16T04:00:00+00:00,0.0,0.0,0.0,532.2,532.2,0.0,50.0,0.09585,0.0,0.0
2026-04-16T04:15:00+00:00,0.0,0.0,0.0,720.2,720.2,0.0,50.0,0.09986,0.0,0.0
2026-04-16T04:30:00+00:00,0.0,0.0,0.0,867.8,867.8,0.0,50.0,0.09233,0.0,0.0
2026-04-16T04:45:00+00:00,2405.8,2405.8,0.0,1016.2,-1389.6,0.0,50.0,0.0933,2797.0,3305.2
2026-04-16T05:00:00+00:00,2695.1,2695.1,0.0,1136.2,-1558.9,0.0,50.0,0.10773,3098.4,3598.2
2026-04-16T05:15:00+00:00,2612.7,2612.7,0.0,1192.0,-1420.7,0.0,50.0,0.10785,3129.8,3421.2
2026-04-16T05:30:00+00:00,2823.6,2823.6,0.0,1473.2,-1350.4,0.0,50.0,0.11126,3312.2,3449.0
2026-04-16T05:45:00+00:00,2936.1,2936.1,0.0,1449.7,-1486.4,0.0,50.0,0.10791,3663.7,3730.4
2026-04-16T06:00:00+00:00,3101.4,3101.4,0.0,1259.8,-1841.6,0.0,50.0,0.10899,3803.7,3590.9
2026-04-16T06:15:00+00:00,3028.7,3028.7,0.0,1019.7,-2009.0,0.0,50.0,0.1167,3931.7,3662.7
2026-04-16T06:30:00+00:00,3317.6,3317.6,0.0,842.7,-2474.9,0.0,50.0,0.11093,4189.7,3829.7
2026-04-16T06:45:00+00:00,3825.1,3825.1,0.0,809.7,-3015.4,0.0,50.0,0.11111,4774.2,4649.7
2026-04-16T07:00:00+00:00,3613.0,3613.0,0.0,425.9,-3187.1,0.0,50.0,0.0734,4541.1,4642.9
2026-04-16T07:15:00+00:00,3916.7,3916.7,0.0,410.2,-3506.5,0.0,50.0,0.07969,4636.3,5034.6
2026-04-16T07:30:00+00:00,3977.3,3977.3,0.0,401.7,-3575.6,0.0,50.0,0.08326,4900.8,5169.8
2026-04-16T07:45:00+00:00,4254.0,4254.0,0.0,503.8,-3750.2,0.0,50.0,0.07748,5246.5,5524.6
2026-04-16T08:00:00+00:00,4211.9,4211.9,0.0,453.2,-3758.7,0.0,50.0,0.04821,5360.7,6051.9
2026-04-16T08:15:00+00:00,4488.2,4488.2,0.0,454.6,-4033.7,0.0,50.0,0.04773,5541.7,5855.7
2026-04-16T08:30:00+00:00,4392.1,4392.1,0.0,515.4,-3876.7,0.0,50.0,0.05719,5526.6,4840.8
2026-04-16T08:45:00+00:00,4425.1,4425.1,0.0,571.8,-3853.2,0.0,50.0,0.04211,5280.9,3887.7
2026-04-16T09:00:00+00:00,4835.7,4835.7,0.0,544.3,-4291.4,0.0,50.0,0.0241,5541.0,4970.7
2026-04-16T09:15:00+00:00,5150.9,5150.9,0.0,476.6,-4674.3,0.0,50.0,0.02579,6184.8,4730.5
2026-04-16T09:30:00+00:00,5546.7,5546.7,0.0,541.5,-5005.2,0.0,50.0,0.02752,6371.6,4792.8
2026-04-16T09:45:00+00:00,5598.8,5598.8,0.0,418.5,-5180.4,0.0,50.0,0.02576,6363.6,4968.5
2026-04-16T10:00:00+00:00,5776.1,5776.1,0.0,366.6,-5409.5,0.0,50.0,0.01709,6292.2,5741.8
2026-04-16T10:15:00+00:00,6036.6,6036.6,0.0,361.9,-5674.7,0.0,50.0,0.01665,6833.6,6255.9
2026-04-16T10:30:00+00:00,5905.0,5905.0,0.0,402.0,-5503.0,0.0,50.0,0.01096,6603.1,5846.6
2026-04-16T10:45:00+00:00,5619.6,5619.6,0.0,555.0,-5064.6,0.0,50.0,0.013,6041.1,5777.5
2026-04-16T11:00:00+00:00,5627.2,5627.2,0.0,533.5,-5093.7,0.0,50.0,0.00775,5586.3,5422.5
2026-04-16T11:15:00+00:00,5729.9,5729.9,0.0,427.5,-5302.4,0.0,50.0,0.01683,5680.2,5464.5
2026-04-16T11:30:00+00:00,5826.6,5826.6,0.0,498.2,-5328.3,0.0,50.0,0.01326,5777.5,5449.6
2026-04-16T11:45:00+00:00,5451.3,5451.3,0.0,387.4,-5063.9,0.0,50.0,0.01801,5524.6,5904.4
2026-04-16T12:00:00+00:00,5849.1,5849.1,0.0,492.9,-5356.2,0.0,50.0,0.03181,5982.1,5336.7
2026-04-16T12:15:00+00:00,5564.0,5564.0,0.0,459.3,-5104.7,0.0,50.0,0.02708,5737.3,5183.8
2026-04-16T12:30:00+00:00,5479.8,5479.8,0.0,672.8,-4807.0,0.0,50.0,0.02574,6193.9,5906.5
2026-04-16T12:45:00+00:00,5773.1,5773.1,0.0,531.0,-5242.2,0.0,50.0,0.02986,6694.1,6590.6
2026-04-16T13:00:00+00:00,5507.3,5507.3,0.0,384.9,-5122.4,0.0,50.0,0.05558,6398.2,6172.9
2026-04-16T13:15:00+00:00,5404.1,5404.1,0.0,386.3,-5017.8,0.0,50.0,0.04323,6132.0,6505.5
2026-04-16T13:30:00+00:00,5013.7,5013.7,0.0,543.9,-4469.8,0.0,50.0,0.0509,5457.2,6421.2
2026-04-16T13:45:00+00:00,4870.8,4870.8,0.0,569.0,-4301.7,0.0,50.0,0.05465,5071.5,5884.6
2026-04-16T14:00:00+00:00,4344.1,4344.1,0.0,595.0,-3749.1,0.0,50.0,0.09048,4399.1,4795.4
2026-04-16T14:15:00+00:00,4462.1,4462.1,0.0,718.1,-3744.0,0.0,50.0,0.09592,4372.9,4910.6
2026-04-16T14:30:00+00:00,4684.2,4684.2,0.0,805.6,-3878.6,0.0,50.0,0.09037,4633.6,5895.2
2026-04-16T14:45:00+00:00,4439.2,4439.2,0.0,997.3,-3441.9,0.0,50.0,0.08905,4423.7,4903.5
2026-04-16T15:00:00+00:00,4192.2,4192.2,0.0,862.4,-3329.7,0.0,50.0,0.14726,4235.6,4794.5
2026-04-16T15:15:00+00:00,3703.0,3703.0,0.0,982.1,-2721.0,0.0,50.0,0.1518,3925.9,4065.1
2026-04-16T15:30:00+00:00,3637.4,3637.4,0.0,1176.9,-2460.5,0.0,50.0,0.15028,3765.2,4274.9
2026-04-16T15:45:00+00:00,3498.8,3498.8,0.0,1453.6,-2045.2,0.0,50.0,0.15254,3530.3,4169.7
2026-04-16T16:00:00+00:00,3365.0,3365.0,0.0,1702.6,-1662.5,0.0,50.0,0.20527,3352.6,3678.3
2026-04-16T16:15:00+00:00,3081.4,3081.4,0.0,1673.5,-1407.9,0.0,50.0,0.2001,3149.5,3382.3
2026-04-16T16:30:00+00:00,2823.6,2823.6,0.0,1704.0,-1119.6,0.0,50.0,0.20244,3036.2,3224.7
2026-04-16T16:45:00+00:00,2438.4,2438.4,0.0,1871.2,-567.2,0.0,50.0,0.20789,2711.9,3108.5
2026-04-16T17:00:00+00:00,2356.4,2356.4,0.0,1872.8,-483.6,0.0,50.0,0.20345,2672.3,2967.9
2026-04-16T17:15:00+00:00,2328.5,2328.5,0.0,1924.8,-403.8,0.0,50.0,0.21214,2663.7,2785.1
2026-04-16T17:30:00+00:00,2372.3,2372.3,0.0,1849.8,-522.5,0.0,50.0,0.21146,2853.5,2837.1
2026-04-16T17:45:00+00:00,2436.1,2436.1,0.0,1782.7,-653.5,0.0,50.0,0.20391,3009.9,2805.5
2026-04-16T18:00:00+00:00,2576.7,2576.7,0.0,1578.4,-998.3,0.0,50.0,0.15544,3264.1,2866.0
2026-04-16T18:15:00+00:00,2627.2,2627.2,0.0,1353.5,-1273.7,0.0,50.0,0.16202,3074.5,2872.5
2026-04-16T18:30:00+00:00,0.0,0.0,0.0,968.1,968.1,0.0,50.0,0.15481,0.0,0.0
2026-04-16T18:45:00+00:00,0.0,0.0,0.0,906.9,906.9,0.0,50.0,0.16047,0.0,0.0
2026-04-16T19:00:00+00:00,0.0,0.0,0.0,807.1,807.1,0.0,50.0,0.11978,0.0,0.0
2026-04-16T19:15:00+00:00,0.0,0.0,0.0,870.9,870.9,0.0,50.0,0.117,0.0,0.0
2026-04-16T19:30:00+00:00,0.0,0.0,0.0,582.0,582.0,0.0,50.0,0.11803,0.0,0.0
2026-04-16T19:45:00+00:00,0.0,0.0,0.0,499.1,499.1,0.0,50.0,0.11807,0.0,0.0
2026-04-16T20:00:00+00:00,0.0,0.0,0.0,483.8,483.8,0.0,50.0,0.09183,0.0,0.0
2026-04-16T20:15:00+00:00,0.0,0.0,0.0,545.7,545.7,0.0,50.0,0.08573,0.0,0.0
2026-04-16T20:30:00+00:00,0.0,0.0,0.0,465.1,465.1,0.0,50.0,0.09437,0.0,0.0
2026-04-16T20:45:00+00:00,0.0,0.0,0.0,346.4,346.4,0.0,50.0,0.09499,0.0,0.0
2026-04-16T21:00:00+00:00,0.0,0.0,0.0,387.3,387.3,0.0,50.0,0.09287,0.0,0.0
2026-04-16T21:15:00+00:00,0.0,0.0,0.0,367.2,367.2,0.0,50.0,0.09019,0.0,0.0
2026-04-16T21:30:00+00:00,0.0,0.0,0.0,363.5,363.5,0.0,50.0,0.08342,0.0,0.0
2026-04-16T21:45:00+00:00,0.0,0.0,0.0,300.0,300.0,0.0,50.0,0.08415,0.0,0.0
2026-04-16T22:00:00+00:00,0.0,0.0,0.0,300.0,300.0,0.0,50.0,0.07743,0.0,0.0
2026-04-16T22:15:00+00:00,0.0,0.0,0.0,317.8,317.8,0.0,50.0,0.06843,0.0,0.0
2026-04-16T22:30:00+00:00,0.0,0.0,0.0,300.0,300.0,0.0,50.0,0.07716,0.0,0.0
2026-04-16T22:45:00+00:00,0.0,0.0,0.0,300.0,300.0,0.0,50.0,0.07665,0.0,0.0
2026-04-16T23:00:00+00:00,0.0,0.0,0.0,300.0,300.0,0.0,50.0,0.06182,0.0,0.0
2026-04-16T23:15:00+00:00,0.0,0.0,0.0,300.0,300.0,0.0,50.0,0.07338,0.0,0.0
2026-04-16T23:30:00+00:00,0.0,0.0,0.0,372.5,372.5,0.0,50.0,0.06039,0.0,0.0
2026-04-16T23:45:00+00:00,0.0,0.0,0.0,300.0,300.0,0.0,50.0,0.07208,0.0,0.0
2026-04-17T00:00:00+00:00,0.0,0.0,0.0,300.0,300.0,0.0,50.0,0.06685,0.0,0.0
2026-04-17T00:15:00+00:00,0.0,0.0,0.0,300.0,300.0,0.0,50.0,0.06868,0.0,0.0
2026-04-17T00:30:00+00:00,0.0,0.0,0.0,335.9,335.9,0.0,50.0,0.07019,0.0,0.0
2026-04-17T00:45:00+00:00,0.0,0.0,0.0,300.0,300.0,0.0,50.0,0.06973,0.0,0.0
2026-04-17T01:00:00+00:00,0.0,0.0,0.0,356.7,356.7,0.0,50.0,0.0593,0.0,0.0
2026-04-17T01:15:00+00:00,0.0,0.0,0.0,300.0,300.0,0.0,50.0,0.06322,0.0,0.0
2026-04-17T01:30:00+00:00,0.0,0.0,0.0,318.2,318.2,0.0,50.0,0.07031,0.0,0.0
2026-04-17T01:45:00+00:00,0.0,0.0,0.0,300.0,300.0,0.0,50.0,0.0651,0.0,0.0
2026-04-17T02:00:00+00:00,0.0,0.0,0.0,328.7,328.7,0.0,50.0,0.06521,0.0,0.0
2026-04-17T02:15:00+00:00,0.0,0.0,0.0,379.3,379.3,0.0,50.0,0.0565,0.0,0.0
2026-04-17T02:30:00+00:00,0.0,0.0,0.0,402.9,402.9,0.0,50.0,0.06572,0.0,0.0
2026-04-17T02:45:00+00:00,0.0,0.0,0.0,300.0,300.0,0.0,50.0,0.06193,0.0,0.0
2026-04-17T03:00:00+00:00,0.0,0.0,0.0,328.3,328.3,0.0,50.0,0.07,0.0,0.0
2026-04-17T03:15:00+00:00,0.0,0.0,0.0,300.0,300.0,0.0,50.0,0.07333,0.0,0.0
2026-04-17T03:30:00+00:00,0.0,0.0,0.0,300.0,300.0,0.0,50.0,0.07071,0.0,0.0
2026-04-17T03:45:00+00:00,0.0,0.0,0.0,300.0,300.0,0.0,50.0,0.07646,0.0,0.0
2026-04-17T04:00:00+00:00,0.0,0.0,0.0,328.6,328.6,0.0,50.0,0.09437,0.0,0.0
2026-04-17T04:15:00+00:00,0.0,0.0,0.0,453.6,453.6,0.0,50.0,0.08739,0.0,0.0
2026-04-17T04:30:00+00:00,0.0,0.0,0.0,631.9,631.9,0.0,50.0,0.09284,0.0,0.0
2026-04-17T04:45:00+00:00,2628.2,2628.2,0.0,717.0,-1911.1,0.0,50.0,0.09174,2598.1,3882.0
2026-04-17T05:00:00+00:00,2781.8,2781.8,0.0,887.3,-1894.5,0.0,50.0,0.10669,2682.2,4200.3
2026-04-17T05:15:00+00:00,3067.8,3067.8,0.0,1180.6,-1887.2,0.0,50.0,0.10864,2884.2,4820.9
2026-04-17T05:30:00+00:00,3257.8,3257.8,0.0,1120.0,-2137.7,0.0,50.0,0.10858,3035.6,4725.1
2026-04-17T05:45:00+00:00,3490.4,3490.4,0.0,1071.9,-2418.5,0.0,50.0,0.11013,3550.5,5046.6
2026-04-17T06:00:00+00:00,3845.2,3845.2,0.0,1137.2,-2708.0,0.0,50.0,0.10207,4038.5,6032.7
2026-04-17T06:15:00+00:00,4042.1,4042.1,0.0,1074.9,-2967.2,0.0,50.0,0.09807,4287.7,6238.4
2026-04-17T06:30:00+00:00,4130.0,4130.0,0.0,1094.3,-3035.8,0.0,50.0,0.10668,4499.0,5999.6
2026-04-17T06:45:00+00:00,4592.1,4592.1,0.0,779.4,-3812.7,0.0,50.0,0.09954,5133.6,7009.1
2026-04-17T07:00:00+00:00,4786.1,4786.1,0.0,747.8,-4038.3,0.0,50.0,0.07635,5311.6,7454.6
2026-04-17T07:15:00+00:00,5165.3,5165.3,0.0,547.5,-4617.8,0.0,50.0,0.06724,5915.9,6980.6
2026-04-17T07:30:00+00:00,5331.7,5331.7,0.0,399.5,-4932.2,0.0,50.0,0.06436,5819.8,6971.5
2026-04-17T07:45:00+00:00,4856.8,4856.8,0.0,300.0,-4556.8,0.0,50.0,0.06551,5556.1,6976.6
2026-04-17T08:00:00+00:00,4724.6,4724.6,0.0,332.4,-4392.3,0.0,50.0,0.03383,5666.2,6527.5
2026-04-17T08:15:00+00:00,4738.1,4738.1,0.0,360.0,-4378.0,0.0,50.0,0.03172,5901.3,6754.9
2026-04-17T08:30:00+00:00,4925.6,4925.6,0.0,393.9,-4531.7,0.0,50.0,0.03574,6218.7,6681.3
2026-04-17T08:45:00+00:00,4541.4,4541.4,0.0,322.3,-4219.2,0.0,50.0,0.03185,5547.7,6571.7
2026-04-17T09:00:00+00:00,4711.5,4711.5,0.0,328.1,-4383.4,0.0,50.0,0.00661,5837.3,5838.1
2026-04-17T09:15:00+00:00,4482.1,4482.1,0.0,485.6,-3996.5,0.0,50.0,0.00219,5219.7,5450.6
2026-04-17T09:30:00+00:00,4792.2,4792.2,0.0,510.0,-4282.2,0.0,50.0,-0.00036,5203.0,6015.3
2026-04-17T09:45:00+00:00,5485.0,5485.0,0.0,516.8,-4968.2,0.0,50.0,0.00896,5835.7,7285.0
2026-04-17T10:00:00+00:00,5448.8,5448.8,0.0,473.5,-4975.3,0.0,50.0,-0.00842,5772.1,7944.6
2026-04-17T10:15:00+00:00,5690.3,5690.3,0.0,567.7,-5122.6,0.0,50.0,-0.01183,5751.7,7455.9
2026-04-17T10:30:00+00:00,5564.7,5564.7,0.0,469.1,-5095.5,0.0,50.0,-0.00816,5468.5,7818.6
2026-04-17T10:45:00+00:00,6110.0,6110.0,0.0,423.0,-5687.0,0.0,50.0,-0.00494,6307.6,8710.5
2026-04-17T11:00:00+00:00,6356.5,6356.5,0.0,354.3,-6002.2,0.0,50.0,-0.01057,6455.3,8968.5
2026-04-17T11:15:00+00:00,6488.7,6488.7,0.0,473.0,-6015.7,0.0,50.0,-0.01458,6087.7,7297.1
2026-04-17T11:30:00+00:00,6482.5,6482.5,0.0,571.7,-5910.9,0.0,50.0,-0.01315,6062.0,7162.6
2026-04-17T11:45:00+00:00,6304.8,6304.8,0.0,378.7,-5926.1,0.0,50.0,-0.00196,6147.7,7292.5
2026-04-17T12:00:00+00:00,6497.8,6497.8,0.0,300.0,-6197.8,0.0,50.0,0.00589,6640.0,8111.1
2026-04-17T12:15:00+00:00,6822.4,6822.4,0.0,300.0,-6522.4,0.0,50.0,0.013,6830.1,7282.0
2026-04-17T12:30:00+00:00,6916.3,6916.3,0.0,445.7,-6470.6,0.0,50.0,0.00358,7162.2,8295.0
2026-04-17T12:45:00+00:00,6390.5,6390.5,0.0,460.9,-5929.6,0.0,50.0,0.00553,7072.7,9435.1
2026-04-17T13:00:00+00:00,6174.5,6174.5,0.0,472.9,-5701.6,0.0,50.0,0.04131,6805.6,9036.1
2026-04-17T13:15:00+00:00,5803.2,5803.2,0.0,513.6,-5289.7,0.0,50.0,0.03547,6434.0,9482.1
2026-04-17T13:30:00+00:00,5863.8,5863.8,0.0,488.5,-5375.3,0.0,50.0,0.03475,6420.5,8957.4
2026-04-17T13:45:00+00:00,5746.2,5746.2,0.0,534.8,-5211.4,0.0,50.0,0.03899,6678.9,9318.4
2026-04-17T14:00:00+00:00,5879.0,5879.0,0.0,557.2,-5321.7,0.0,50.0,0.07879,7189.6,9103.7
2026-04-17T14:15:00+00:00,5492.1,5492.1,0.0,598.0,-4894.1,0.0,50.0,0.07994,6832.9,7356.0
2026-04-17T14:30:00+00:00,5266.9,5266.9,0.0,696.9,-4570.0,0.0,50.0,0.07918,6473.0,6615.1
2026-04-17T14:45:00+00:00,4979.7,4979.7,0.0,877.4,-4102.3,0.0,50.0,0.07806,5763.0,5841.2
2026-04-17T15:00:00+00:00,4613.7,4613.7,0.0,1096.6,-3517.1,0.0,50.0,0.13328,5319.5,5315.1
2026-04-17T15:15:00+00:00,4871.4,4871.4,0.0,1314.7,-3556.8,0.0,50.0,0.14127,5578.2,5438.8
2026-04-17T15:30:00+00:00,4683.0,4683.0,0.0,1438.1,-3244.9,0.0,50.0,0.13887,4960.2,5323.1
2026-04-17T15:45:00+00:00,4773.0,4773.0,0.0,1552.9,-3220.1,0.0,50.0,0.14456,4918.6,5489.5
2026-04-17T16:00:00+00:00,4669.7,4669.7,0.0,1664.9,-3004.8,0.0,50.0,0.19826,4778.7,6223.9
2026-04-17T16:15:00+00:00,4689.4,4689.4,0.0,1836.0,-2853.4,0.0,50.0,0.20136,4778.8,6311.3
2026-04-17T16:30:00+00:00,4633.1,4633.1,0.0,1854.6,-2778.5,0.0,50.0,0.19714,4717.6,6228.4
2026-04-17T16:45:00+00:00,4634.0,4634.0,0.0,1972.9,-2661.1,0.0,50.0,0.18838,4574.6,6574.7
2026-04-17T17:00:00+00:00,4835.4,4835.4,0.0,1870.6,-2964.8,0.0,50.0,0.21022,5263.7,6394.1
2026-04-17T17:15:00+00:00,4535.9,4535.9,0.0,1976.6,-2559.3,0.0,50.0,0.20479,4812.9,6258.9
2026-04-17T17:30:00+00:00,4189.3,4189.3,0.0,1887.0,-2302.2,0.0,50.0,0.20255,4418.8,5754.6
2026-04-17T17:45:00+00:00,4000.4,4000.4,0.0,1717.9,-2282.5,0.0,50.0,0.19844,4536.3,5196.6
2026-04-17T18:00:00+00:00,3524.7,3524.7,0.0,1555.4,-1969.3,0.0,50.0,0.15979,3903.3,4595.5
2026-04-17T18:15:00+00:00,3065.0,3065.0,0.0,1217.8,-1847.2,0.0,50.0,0.16013,3197.3,3383.4
2026-04-17T18:30:00+00:00,0.0,0.0,0.0,1164.8,1164.8,0.0,50.0,0.1487,0.0,0.0
2026-04-17T18:45:00+00:00,0.0,0.0,0.0,1010.9,1010.9,0.0,50.0,0.15962,0.0,0.0
2026-04-17T19:00:00+00:00,0.0,0.0,0.0,805.8,805.8,0.0,50.0,0.10887,0.0,0.0
2026-04-17T19:15:00+00:00,0.0,0.0,0.0,692.3,692.3,0.0,50.0,0.10208,0.0,0.0
2026-04-17T19:30:00+00:00,0.0,0.0,0.0,567.7,567.7,0.0,50.0,0.10526,0.0,0.0
2026-04-17T19:45:00+00:00,0.0,0.0,0.0,446.3,446.3,0.0,50.0,0.10929,0.0,0.0
2026-04-17T20:00:00+00:00,0.0,0.0,0.0,361.4,361.4,0.0,50.0,0.09295,0.0,0.0
2026-04-17T20:15:00+00:00,0.0,0.0,0.0,431.6,431.6,0.0,50.0,0.08341,0.0,0.0
2026-04-17T20:30:00+00:00,0.0,0.0,0.0,384.7,384.7,0.0,50.0,0.08652,0.0,0.0
2026-04-17T20:45:00+00:00,0.0,0.0,0.0,444.6,444.6,0.0,50.0,0.08859,0.0,0.0
2026-04-17T21:00:00+00:00,0.0,0.0,0.0,561.6,561.6,0.0,50.0,0.08475,0.0,0.0
2026-04-17T21:15:00+00:00,0.0,0.0,0.0,517.0,517.0,0.0,50.0,0.08582,0.0,0.0
2026-04-17T21:30:00+00:00,0.0,0.0,0.0,385.4,385.4,0.0,50.0,0.0789,0.0,0.0
2026-04-17T21:45:00+00:00,0.0,0.0,0.0,326.7,326.7,0.0,50.0,0.08696,0.0,0.0
2026-04-17T22:00:00+00:00,0.0,0.0,0.0,300.0,300.0,0.0,50.0,0.0746,0.0,0.0
2026-04-17T22:15:00+00:00,0.0,0.0,0.0,303.3,303.3,0.0,50.0,0.07279,0.0,0.0
2026-04-17T22:30:00+00:00,0.0,0.0,0.0,300.0,300.0,0.0,50.0,0.07596,0.0,0.0
2026-04-17T22:45:00+00:00,0.0,0.0,0.0,300.0,300.0,0.0,50.0,0.07736,0.0,0.0
2026-04-17T23:00:00+00:00,0.0,0.0,0.0,300.0,300.0,0.0,50.0,0.06875,0.0,0.0
2026-04-17T23:15:00+00:00,0.0,0.0,0.0,300.0,300.0,0.0,50.0,0.06732,0.0,0.0
2026-04-17T23:30:00+00:00,0.0,0.0,0.0,300.0,300.0,0.0,50.0,0.07073,0.0,0.0
2026-04-17T23:45:00+00:00,0.0,0.0,0.0,300.0,300.0,0.0,50.0,0.06265,0.0,0.0
2026-04-18T00:00:00+00:00,0.0,0.0,0.0,300.0,300.0,0.0,50.0,0.05665,0.0,0.0
2026-04-18T00:15:00+00:00,0.0,0.0,0.0,300.0,300.0,0.0,50.0,0.05901,0.0,0.0
2026-04-18T00:30:00+00:00,0.0,0.0,0.0,300.0,300.0,0.0,50.0,0.0702,0.0,0.0
2026-04-18T00:45:00+00:00,0.0,0.0,0.0,329.5,329.5,0.0,50.0,0.06105,0.0,0.0
2026-04-18T01:00:00+00:00,0.0,0.0,0.0,323.9,323.9,0.0,50.0,0.05438,0.0,0.0
2026-04-18T01:15:00+00:00,0.0,0.0,0.0,371.2,371.2,0.0,50.0,0.05901,0.0,0.0
2026-04-18T01:30:00+00:00,0.0,0.0,0.0,366.4,366.4,0.0,50.0,0.05691,0.0,0.0
2026-04-18T01:45:00+00:00,0.0,0.0,0.0,300.0,300.0,0.0,50.0,0.06449,0.0,0.0
2026-04-18T02:00:00+00:00,0.0,0.0,0.0,300.0,300.0,0.0,50.0,0.05515,0.0,0.0
2026-04-18T02:15:00+00:00,0.0,0.0,0.0,300.0,300.0,0.0,50.0,0.0647,0.0,0.0
2026-04-18T02:30:00+00:00,0.0,0.0,0.0,300.0,300.0,0.0,50.0,0.05607,0.0,0.0
2026-04-18T02:45:00+00:00,0.0,0.0,0.0,300.0,300.0,0.0,50.0,0.06199,0.0,0.0
2026-04-18T03:00:00+00:00,0.0,0.0,0.0,300.0,300.0,0.0,50.0,0.06558,0.0,0.0
2026-04-18T03:15:00+00:00,0.0,0.0,0.0,300.0,300.0,0.0,50.0,0.06997,0.0,0.0
2026-04-18T03:30:00+00:00,0.0,0.0,0.0,336.9,336.9,0.0,50.0,0.07164,0.0,0.0
2026-04-18T03:45:00+00:00,0.0,0.0,0.0,300.0,300.0,0.0,50.0,0.07324,0.0,0.0
2026-04-18T04:00:00+00:00,0.0,0.0,0.0,315.1,315.1,0.0,50.0,0.08884,0.0,0.0
2026-04-18T04:15:00+00:00,0.0,0.0,0.0,300.0,300.0,0.0,50.0,0.08207,0.0,0.0
2026-04-18T04:30:00+00:00,0.0,0.0,0.0,300.0,300.0,0.0,50.0,0.09354,0.0,0.0
2026-04-18T04:45:00+00:00,856.0,856.0,0.0,419.2,-436.8,0.0,50.0,0.08153,715.2,1028.0
2026-04-18T05:00:00+00:00,943.2,943.2,0.0,633.3,-309.8,0.0,50.0,0.11285,758.2,1220.6
2026-04-18T05:15:00+00:00,1054.7,1054.7,0.0,736.0,-318.7,0.0,50.0,0.09755,908.9,1392.0
2026-04-18T05:30:00+00:00,1150.0,1150.0,0.0,746.5,-403.5,0.0,50.0,0.10338,1008.6,1652.8
2026-04-18T05:45:00+00:00,1146.7,1146.7,0.0,786.6,-360.1,0.0,50.0,0.10168,1067.8,1514.5
2026-04-18T06:00:00+00:00,1267.6,1267.6,0.0,942.2,-325.4,0.0,50.0,0.10229,1204.9,1701.2
2026-04-18T06:15:00+00:00,1379.0,1379.0,0.0,1021.7,-357.3,0.0,50.0,0.09162,1364.3,2052.3
2026-04-18T06:30:00+00:00,1379.1,1379.1,0.0,1105.5,-273.6,0.0,50.0,0.09469,1453.4,1849.6
2026-04-18T06:45:00+00:00,1415.9,1415.9,0.0,1180.6,-235.2,0.0,50.0,0.10178,1471.5,1872.8
2026-04-18T07:00:00+00:00,1394.8,1394.8,0.0,1205.6,-189.1,0.0,50.0,0.07242,1445.8,1608.6
2026-04-18T07:15:00+00:00,1503.9,1503.9,0.0,1133.7,-370.3,0.0,50.0,0.07293,1463.4,1794.8
2026-04-18T07:30:00+00:00,1561.6,1561.6,0.0,1158.6,-403.0,0.0,50.0,0.07508,1522.4,2009.8
2026-04-18T07:45:00+00:00,1547.5,1547.5,0.0,896.3,-651.2,0.0,50.0,0.07133,1424.8,1843.7
2026-04-18T08:00:00+00:00,1528.1,1528.1,0.0,832.9,-695.2,0.0,50.0,0.04797,1385.5,1852.8
2026-04-18T08:15:00+00:00,1496.6,1496.6,0.0,808.8,-687.8,0.0,50.0,0.04073,1361.2,2027.0
2026-04-18T08:30:00+00:00,1619.6,1619.6,0.0,817.6,-802.0,0.0,50.0,0.0382,1511.4,2177.8
2026-04-18T08:45:00+00:00,1576.6,1576.6,0.0,804.1,-772.5,0.0,50.0,0.0365,1412.9,2140.4
2026-04-18T09:00:00+00:00,1616.8,1616.8,0.0,782.7,-834.1,0.0,50.0,0.01933,1538.7,1694.0
2026-04-18T09:15:00+00:00,1489.8,1489.8,0.0,719.7,-770.2,0.0,50.0,0.01942,1483.0,1630.3
2026-04-18T09:30:00+00:00,1620.8,1620.8,0.0,861.5,-759.3,0.0,50.0,0.02167,1581.9,1839.0
2026-04-18T09:45:00+00:00,1747.5,1747.5,0.0,909.0,-838.5,0.0,50.0,0.02261,1718.3,1728.6
2026-04-18T10:00:00+00:00,1739.7,1739.7,0.0,835.0,-904.7,0.0,50.0,0.01055,1710.2,1840.3
2026-04-18T10:15:00+00:00,1824.5,1824.5,0.0,697.1,-1127.4,0.0,50.0,0.00028,1885.8,2020.9
2026-04-18T10:30:00+00:00,1647.0,1647.0,0.0,686.4,-960.7,0.0,50.0,0.0082,1630.5,2304.5
2026-04-18T10:45:00+00:00,1633.5,1633.5,0.0,566.5,-1067.0,0.0,50.0,0.00788,1615.8,2376.0
2026-04-18T11:00:00+00:00,1548.1,1548.1,0.0,640.5,-907.6,0.0,50.0,0.0033,1602.6,2091.3
2026-04-18T11:15:00+00:00,1722.3,1722.3,0.0,612.6,-1109.7,0.0,50.0,0.00358,1854.6,2038.3
2026-04-18T11:30:00+00:00,1565.0,1565.0,0.0,727.0,-838.0,0.0,50.0,0.00537,1569.2,1973.5
2026-04-18T11:45:00+00:00,1580.7,1580.7,0.0,778.9,-801.8,0.0,50.0,0.00505,1559.8,1927.0
2026-04-18T12:00:00+00:00,1606.3,1606.3,0.0,624.4,-981.8,0.0,50.0,0.02102,1538.6,1813.9
2026-04-18T12:15:00+00:00,1597.1,1597.1,0.0,537.8,-1059.4,0.0,50.0,0.0229,1470.7,1480.6
2026-04-18T12:30:00+00:00,1796.0,1796.0,0.0,561.4,-1234.7,0.0,50.0,0.01377,1562.5,2119.2
2026-04-18T12:45:00+00:00,1804.6,1804.6,0.0,540.6,-1264.0,0.0,50.0,0.02577,1497.3,2223.7
2026-04-18T13:00:00+00:00,1784.6,1784.6,0.0,532.6,-1252.0,0.0,50.0,0.0394,1608.5,2047.3
2026-04-18T13:15:00+00:00,1768.0,1768.0,0.0,633.0,-1135.0,0.0,50.0,0.04472,1612.7,1989.4
2026-04-18T13:30:00+00:00,1851.8,1851.8,0.0,725.4,-1126.4,0.0,50.0,0.04629,1710.6,2143.4
2026-04-18T13:45:00+00:00,1776.5,1776.5,0.0,719.3,-1057.1,0.0,50.0,0.04287,1622.8,2354.4
2026-04-18T14:00:00+00:00,1718.7,1718.7,0.0,719.0,-999.8,0.0,50.0,0.08762,1602.5,1790.6
2026-04-18T14:15:00+00:00,1487.8,1487.8,0.0,705.9,-781.9,0.0,50.0,0.08161,1410.3,1900.3
2026-04-18T14:30:00+00:00,1540.0,1540.0,0.0,855.4,-684.7,0.0,50.0,0.0846,1501.6,1940.3
2026-04-18T14:45:00+00:00,1463.1,1463.1,0.0,836.3,-626.8,0.0,50.0,0.08186,1500.6,1973.6
2026-04-18T15:00:00+00:00,1441.7,1441.7,0.0,926.7,-515.0,0.0,50.0,0.13108,1436.8,1948.4
2026-04-18T15:15:00+00:00,1472.3,1472.3,0.0,1085.2,-387.1,0.0,50.0,0.14423,1492.7,2077.6
2026-04-18T15:30:00+00:00,1438.5,1438.5,0.0,1354.2,-84.3,0.0,50.0,0.14284,1525.4,2206.7
2026-04-18T15:45:00+00:00,1472.5,1472.5,0.0,1397.5,-75.0,0.0,50.0,0.14388,1451.9,2225.9
2026-04-18T16:00:00+00:00,1545.0,1545.0,0.0,1509.5,-35.5,0.0,50.0,0.20199,1447.9,2371.5
2026-04-18T16:15:00+00:00,1534.1,1534.1,0.0,1774.4,240.3,0.0,50.0,0.19692,1301.8,2402.6
2026-04-18T16:30:00+00:00,1517.7,1517.7,0.0,1931.5,413.9,0.0,50.0,0.20099,1286.9,2200.4
2026-04-18T16:45:00+00:00,1402.8,1402.8,0.0,2019.5,616.7,0.0,50.0,0.19605,1226.6,2079.4
2026-04-18T17:00:00+00:00,1319.4,1319.4,0.0,1892.9,573.5,0.0,50.0,0.19529,1125.7,1904.6
2026-04-18T17:15:00+00:00,1156.4,1156.4,0.0,1676.1,519.7,0.0,50.0,0.20517,1082.4,1520.0
2026-04-18T17:30:00+00:00,1089.1,1089.1,0.0,1505.1,416.0,0.0,50.0,0.19923,966.9,1345.9
2026-04-18T17:45:00+00:00,1090.0,1090.0,0.0,1424.7,334.7,0.0,50.0,0.19299,1056.4,1282.3
2026-04-18T18:00:00+00:00,1017.2,1017.2,0.0,1338.4,321.2,0.0,50.0,0.14891,1035.6,1262.3
2026-04-18T18:15:00+00:00,1028.3,1028.3,0.0,1270.6,242.3,0.0,50.0,0.14963,1017.9,1206.0
2026-04-18T18:30:00+00:00,0.0,0.0,0.0,1149.0,1149.0,0.0,50.0,0.15026,0.0,0.0
2026-04-18T18:45:00+00:00,0.0,0.0,0.0,1005.8,1005.8,0.0,50.0,0.15248,0.0,0.0
2026-04-18T19:00:00+00:00,0.0,0.0,0.0,946.5,946.5,0.0,50.0,0.10011,0.0,0.0
2026-04-18T19:15:00+00:00,0.0,0.0,0.0,791.7,791.7,0.0,50.0,0.10666,0.0,0.0
2026-04-18T19:30:00+00:00,0.0,0.0,0.0,703.4,703.4,0.0,50.0,0.101,0.0,0.0
2026-04-18T19:45:00+00:00,0.0,0.0,0.0,530.7,530.7,0.0,50.0,0.10068,0.0,0.0
2026-04-18T20:00:00+00:00,0.0,0.0,0.0,407.3,407.3,0.0,50.0,0.08161,0.0,0.0
2026-04-18T20:15:00+00:00,0.0,0.0,0.0,370.6,370.6,0.0,50.0,0.0873,0.0,0.0
2026-04-18T20:30:00+00:00,0.0,0.0,0.0,364.2,364.2,0.0,50.0,0.08916,0.0,0.0
2026-04-18T20:45:00+00:00,0.0,0.0,0.0,422.7,422.7,0.0,50.0,0.0874,0.0,0.0
2026-04-18T21:00:00+00:00,0.0,0.0,0.0,393.3,393.3,0.0,50.0,0.08038,0.0,0.0
2026-04-18T21:15:00+00:00,0.0,0.0,0.0,357.6,357.6,0.0,50.0,0.08643,0.0,0.0
2026-04-18T21:30:00+00:00,0.0,0.0,0.0,300.0,300.0,0.0,50.0,0.08344,0.0,0.0
2026-04-18T21:45:00+00:00,0.0,0.0,0.0,348.6,348.6,0.0,50.0,0.08543,0.0,0.0
2026-04-18T22:00:00+00:00,0.0,0.0,0.0,395.1,395.1,0.0,50.0,0.07633,0.0,0.0
2026-04-18T22:15:00+00:00,0.0,0.0,0.0,468.6,468.6,0.0,50.0,0.07636,0.0,0.0
2026-04-18T22:30:00+00:00,0.0,0.0,0.0,379.0,379.0,0.0,50.0,0.07054,0.0,0.0
2026-04-18T22:45:00+00:00,0.0,0.0,0.0,386.4,386.4,0.0,50.0,0.07526,0.0,0.0
2026-04-18T23:00:00+00:00,0.0,0.0,0.0,300.0,300.0,0.0,50.0,0.07169,0.0,0.0
2026-04-18T23:15:00+00:00,0.0,0.0,0.0,300.0,300.0,0.0,50.0,0.05722,0.0,0.0
2026-04-18T23:30:00+00:00,0.0,0.0,0.0,300.0,300.0,0.0,50.0,0.07075,0.0,0.0
2026-04-18T23:45:00+00:00,0.0,0.0,0.0,300.0,300.0,0.0,50.0,0.06662,0.0,0.0
2026-04-19T00:00:00+00:00,0.0,0.0,0.0,300.0,300.0,0.0,50.0,0.05514,0.0,0.0
2026-04-19T00:15:00+00:00,0.0,0.0,0.0,300.0,300.0,0.0,50.0,0.06385,0.0,0.0
2026-04-19T00:30:00+00:00,0.0,0.0,0.0,300.0,300.0,0.0,50.0,0.07074,0.0,0.0
2026-04-19T00:45:00+00:00,0.0,0.0,0.0,300.0,300.0,0.0,50.0,0.06064,0.0,0.0
2026-04-19T01:00:00+00:00,0.0,0.0,0.0,300.0,300.0,0.0,50.0,0.06597,0.0,0.0
2026-04-19T01:15:00+00:00,0.0,0.0,0.0,300.0,300.0,0.0,50.0,0.06068,0.0,0.0
2026-04-19T01:30:00+00:00,0.0,0.0,0.0,307.1,307.1,0.0,50.0,0.05603,0.0,0.0
2026-04-19T01:45:00+00:00,0.0,0.0,0.0,300.0,300.0,0.0,50.0,0.06024,0.0,0.0
2026-04-19T02:00:00+00:00,0.0,0.0,0.0,300.0,300.0,0.0,50.0,0.06651,0.0,0.0
2026-04-19T02:15:00+00:00,0.0,0.0,0.0,313.3,313.3,0.0,50.0,0.05706,0.0,0.0
2026-04-19T02:30:00+00:00,0.0,0.0,0.0,323.2,323.2,0.0,50.0,0.0601,0.0,0.0
2026-04-19T02:45:00+00:00,0.0,0.0,0.0,300.0,300.0,0.0,50.0,0.0707,0.0,0.0
2026-04-19T03:00:00+00:00,0.0,0.0,0.0,300.0,300.0,0.0,50.0,0.06975,0.0,0.0
2026-04-19T03:15:00+00:00,0.0,0.0,0.0,300.0,300.0,0.0,50.0,0.06927,0.0,0.0
2026-04-19T03:30:00+00:00,0.0,0.0,0.0,414.8,414.8,0.0,50.0,0.07448,0.0,0.0
2026-04-19T03:45:00+00:00,0.0,0.0,0.0,316.3,316.3,0.0,50.0,0.06803,0.0,0.0
2026-04-19T04:00:00+00:00,0.0,0.0,0.0,402.3,402.3,0.0,50.0,0.08505,0.0,0.0
2026-04-19T04:15:00+00:00,0.0,0.0,0.0,300.0,300.0,0.0,50.0,0.08572,0.0,0.0
2026-04-19T04:30:00+00:00,0.0,0.0,0.0,408.8,408.8,0.0,50.0,0.08956,0.0,0.0
2026-04-19T04:45:00+00:00,2334.7,2334.7,0.0,436.3,-1898.5,0.0,50.0,0.09109,2262.2,1967.3
2026-04-19T05:00:00+00:00,2409.2,2409.2,0.0,387.8,-2021.4,0.0,50.0,0.10626,2204.4,2044.7
2026-04-19T05:15:00+00:00,2657.6,2657.6,0.0,475.5,-2182.1,0.0,50.0,0.10828,2540.9,2579.6
2026-04-19T05:30:00+00:00,2632.6,2632.6,0.0,749.4,-1883.2,0.0,50.0,0.10875,2414.1,3040.0
2026-04-19T05:45:00+00:00,2685.9,2685.9,0.0,784.0,-1901.9,0.0,50.0,0.10845,2474.7,3111.0
2026-04-19T06:00:00+00:00,2797.7,2797.7,0.0,886.6,-1911.1,0.0,50.0,0.10126,2567.5,3680.2
2026-04-19T06:15:00+00:00,3195.6,3195.6,0.0,825.0,-2370.6,0.0,50.0,0.1,2940.6,4243.2
2026-04-19T06:30:00+00:00,2962.4,2962.4,0.0,921.5,-2040.9,0.0,50.0,0.10574,2688.0,4257.6
2026-04-19T06:45:00+00:00,3160.6,3160.6,0.0,936.6,-2224.0,0.0,50.0,0.09561,2721.9,4006.8
2026-04-19T07:00:00+00:00,3356.0,3356.0,0.0,1133.1,-2222.9,0.0,50.0,0.0675,2959.9,3756.0
2026-04-19T07:15:00+00:00,3622.2,3622.2,0.0,985.3,-2636.9,0.0,50.0,0.07159,3124.3,4641.2
2026-04-19T07:30:00+00:00,3820.6,3820.6,0.0,1026.6,-2793.9,0.0,50.0,0.07977,3465.7,4767.0
2026-04-19T07:45:00+00:00,3905.4,3905.4,0.0,1073.2,-2832.2,0.0,50.0,0.07363,3329.8,4769.3
2026-04-19T08:00:00+00:00,4115.3,4115.3,0.0,1033.8,-3081.5,0.0,50.0,0.03479,3708.6,4376.3
2026-04-19T08:15:00+00:00,4211.0,4211.0,0.0,941.9,-3269.1,0.0,50.0,0.04397,4060.4,4719.5
2026-04-19T08:30:00+00:00,4281.8,4281.8,0.0,968.0,-3313.8,0.0,50.0,0.04047,4361.1,4994.0
2026-04-19T08:45:00+00:00,4019.3,4019.3,0.0,836.3,-3183.0,0.0,50.0,0.04002,4166.2,4556.9
2026-04-19T09:00:00+00:00,4106.0,4106.0,0.0,905.2,-3200.7,0.0,50.0,0.02034,3999.7,4217.1
2026-04-19T09:15:00+00:00,4259.0,4259.0,0.0,796.5,-3462.4,0.0,50.0,0.01632,4285.1,4019.7
2026-04-19T09:30:00+00:00,4621.6,4621.6,0.0,913.4,-3708.1,0.0,50.0,0.02014,4724.9,4795.4
2026-04-19T09:45:00+00:00,4997.6,4997.6,0.0,823.5,-4174.1,0.0,50.0,0.01968,5066.9,4703.7
2026-04-19T10:00:00+00:00,4724.2,4724.2,0.0,703.3,-4021.0,0.0,50.0,0.00669,4695.4,4331.4
2026-04-19T10:15:00+00:00,4810.5,4810.5,0.0,600.8,-4209.7,0.0,50.0,0.0081,5018.1,4006.2
2026-04-19T10:30:00+00:00,4734.0,4734.0,0.0,739.5,-3994.5,0.0,50.0,0.00426,5351.5,4054.3
2026-04-19T10:45:00+00:00,5121.6,5121.6,0.0,818.8,-4302.8,0.0,50.0,0.00809,5828.4,5331.4
2026-04-19T11:00:00+00:00,4840.9,4840.9,0.0,773.8,-4067.1,0.0,50.0,0.00131,5382.2,5269.5
2026-04-19T11:15:00+00:00,4890.3,4890.3,0.0,695.1,-4195.2,0.0,50.0,0.00839,5414.3,5767.9
2026-04-19T11:30:00+00:00,4737.1,4737.1,0.0,669.2,-4067.9,0.0,50.0,0.00825,5123.7,5706.2
2026-04-19T11:45:00+00:00,4230.5,4230.5,0.0,705.4,-3525.1,0.0,50.0,-0.00367,4481.0,5316.7
2026-04-19T12:00:00+00:00,4547.9,4547.9,0.0,687.8,-3860.0,0.0,50.0,0.02402,4450.5,5620.2
2026-04-19T12:15:00+00:00,4498.9,4498.9,0.0,584.2,-3914.6,0.0,50.0,0.01669,4639.4,4832.7
2026-04-19T12:30:00+00:00,4644.8,4644.8,0.0,681.1,-3963.7,0.0,50.0,0.01592,4597.7,4721.1
2026-04-19T12:45:00+00:00,4489.1,4489.1,0.0,707.3,-3781.8,0.0,50.0,0.02524,4397.6,4712.7
2026-04-19T13:00:00+00:00,4803.7,4803.7,0.0,814.1,-3989.6,0.0,50.0,0.04469,4730.5,5250.5
2026-04-19T13:15:00+00:00,4367.2,4367.2,0.0,773.1,-3594.1,0.0,50.0,0.0481,4146.6,4733.1
2026-04-19T13:30:00+00:00,4316.3,4316.3,0.0,565.1,-3751.2,0.0,50.0,0.04402,4510.5,4754.5
2026-04-19T13:45:00+00:00,4568.7,4568.7,0.0,602.9,-3965.7,0.0,50.0,0.04189,4613.3,5380.9
2026-04-19T14:00:00+00:00,4738.3,4738.3,0.0,641.8,-4096.4,0.0,50.0,0.08513,4877.9,5543.5
2026-04-19T14:15:00+00:00,4836.2,4836.2,0.0,838.0,-3998.3,0.0,50.0,0.07991,4996.2,5570.1
2026-04-19T14:30:00+00:00,4624.5,4624.5,0.0,979.8,-3644.8,0.0,50.0,0.08364,4739.2,5084.3
2026-04-19T14:45:00+00:00,4135.5,4135.5,0.0,1060.1,-3075.3,0.0,50.0,0.08303,4435.5,4599.4
2026-04-19T15:00:00+00:00,3924.6,3924.6,0.0,1138.1,-2786.6,0.0,50.0,0.14433,4030.6,4027.8
2026-04-19T15:15:00+00:00,3840.6,3840.6,0.0,1381.3,-2459.3,0.0,50.0,0.14251,3909.3,3796.8
2026-04-19T15:30:00+00:00,3606.3,3606.3,0.0,1329.8,-2276.5,0.0,50.0,0.14215,3650.2,3822.5
2026-04-19T15:45:00+00:00,3429.4,3429.4,0.0,1715.9,-1713.4,0.0,50.0,0.15267,3343.2,3596.2
2026-04-19T16:00:00+00:00,3394.6,3394.6,0.0,1738.0,-1656.7,0.0,50.0,0.19739,3377.1,4153.5
2026-04-19T16:15:00+00:00,3134.5,3134.5,0.0,1849.9,-1284.6,0.0,50.0,0.20146,3016.5,3899.5
2026-04-19T16:30:00+00:00,3200.2,3200.2,0.0,1811.2,-1389.0,0.0,50.0,0.20048,3025.6,4408.5
2026-04-19T16:45:00+00:00,3300.6,3300.6,0.0,1732.1,-1568.5,0.0,50.0,0.19489,3106.5,4470.3
2026-04-19T17:00:00+00:00,3229.0,3229.0,0.0,1681.9,-1547.2,0.0,50.0,0.19992,2985.3,4339.3
2026-04-19T17:15:00+00:00,3298.6,3298.6,0.0,1674.6,-1623.9,0.0,50.0,0.19843,3164.0,4516.3
2026-04-19T17:30:00+00:00,3434.7,3434.7,0.0,1584.7,-1850.1,0.0,50.0,0.19654,3400.7,4344.0
2026-04-19T17:45:00+00:00,3385.1,3385.1,0.0,1538.4,-1846.7,0.0,50.0,0.20083,3239.6,4388.1
2026-04-19T18:00:00+00:00,3038.2,3038.2,0.0,1324.1,-1714.0,0.0,50.0,0.15416,2848.8,4033.2
2026-04-19T18:15:00+00:00,2936.5,2936.5,0.0,1239.3,-1697.2,0.0,50.0,0.15385,2737.1,3860.6
2026-04-19T18:30:00+00:00,0.0,0.0,0.0,974.4,974.4,0.0,50.0,0.15416,0.0,0.0
2026-04-19T18:45:00+00:00,0.0,0.0,0.0,981.6,981.6,0.0,50.0,0.15437,0.0,0.0
2026-04-19T19:00:00+00:00,0.0,0.0,0.0,915.6,915.6,0.0,50.0,0.10752,0.0,0.0
2026-04-19T19:15:00+00:00,0.0,0.0,0.0,871.5,871.5,0.0,50.0,0.108,0.0,0.0
2026-04-19T19:30:00+00:00,0.0,0.0,0.0,688.8,688.8,0.0,50.0,0.10944,0.0,0.0
2026-04-19T19:45:00+00:00,0.0,0.0,0.0,635.8,635.8,0.0,50.0,0.10469,0.0,0.0
2026-04-19T20:00:00+00:00,0.0,0.0,0.0,474.6,474.6,0.0,50.0,0.08925,0.0,0.0
2026-04-19T20:15:00+00:00,0.0,0.0,0.0,483.5,483.5,0.0,50.0,0.0932,0.0,0.0
2026-04-19T20:30:00+00:00,0.0,0.0,0.0,421.7,421.7,0.0,50.0,0.08735,0.0,0.0
2026-04-19T20:45:00+00:00,0.0,0.0,0.0,357.0,357.0,0.0,50.0,0.08665,0.0,0.0
2026-04-19T21:00:00+00:00,0.0,0.0,0.0,352.2,352.2,0.0,50.0,0.08042,0.0,0.0
2026-04-19T21:15:00+00:00,0.0,0.0,0.0,300.0,300.0,0.0,50.0,0.08084,0.0,0.0
2026-04-19T21:30:00+00:00,0.0,0.0,0.0,300.0,300.0,0.0,50.0,0.08344,0.0,0.0
2026-04-19T21:45:00+00:00,0.0,0.0,0.0,341.9,341.9,0.0,50.0,0.08071,0.0,0.0
2026-04-19T22:00:00+00:00,0.0,0.0,0.0,440.8,440.8,0.0,50.0,0.08484,0.0,0.0
2026-04-19T22:15:00+00:00,0.0,0.0,0.0,456.5,456.5,0.0,50.0,0.07468,0.0,0.0
2026-04-19T22:30:00+00:00,0.0,0.0,0.0,316.9,316.9,0.0,50.0,0.08352,0.0,0.0
2026-04-19T22:45:00+00:00,0.0,0.0,0.0,300.0,300.0,0.0,50.0,0.07775,0.0,0.0
2026-04-19T23:00:00+00:00,0.0,0.0,0.0,300.0,300.0,0.0,50.0,0.06604,0.0,0.0
2026-04-19T23:15:00+00:00,0.0,0.0,0.0,300.0,300.0,0.0,50.0,0.07353,0.0,0.0
2026-04-19T23:30:00+00:00,0.0,0.0,0.0,300.0,300.0,0.0,50.0,0.07598,0.0,0.0
2026-04-19T23:45:00+00:00,0.0,0.0,0.0,300.0,300.0,0.0,50.0,0.06944,0.0,0.0
2026-04-20T00:00:00+00:00,0.0,0.0,0.0,300.0,300.0,0.0,50.0,0.06704,0.0,0.0
2026-04-20T00:15:00+00:00,0.0,0.0,0.0,307.7,307.7,0.0,50.0,0.06397,0.0,0.0
2026-04-20T00:30:00+00:00,0.0,0.0,0.0,300.0,300.0,0.0,50.0,0.06591,0.0,0.0
2026-04-20T00:45:00+00:00,0.0,0.0,0.0,357.6,357.6,0.0,50.0,0.06461,0.0,0.0
2026-04-20T01:00:00+00:00,0.0,0.0,0.0,343.4,343.4,0.0,50.0,0.05828,0.0,0.0
2026-04-20T01:15:00+00:00,0.0,0.0,0.0,360.1,360.1,0.0,50.0,0.06683,0.0,0.0
2026-04-20T01:30:00+00:00,0.0,0.0,0.0,300.0,300.0,0.0,50.0,0.05852,0.0,0.0
2026-04-20T01:45:00+00:00,0.0,0.0,0.0,300.0,300.0,0.0,50.0,0.06843,0.0,0.0
2026-04-20T02:00:00+00:00,0.0,0.0,0.0,300.0,300.0,0.0,50.0,0.07604,0.0,0.0
2026-04-20T02:15:00+00:00,0.0,0.0,0.0,304.8,304.8,0.0,50.0,0.06762,0.0,0.0
2026-04-20T02:30:00+00:00,0.0,0.0,0.0,344.6,344.6,0.0,50.0,0.06641,0.0,0.0
2026-04-20T02:45:00+00:00,0.0,0.0,0.0,344.9,344.9,0.0,50.0,0.06863,0.0,0.0
2026-04-20T03:00:00+00:00,0.0,0.0,0.0,426.9,426.9,0.0,50.0,0.07453,0.0,0.0
2026-04-20T03:15:00+00:00,0.0,0.0,0.0,414.9,414.9,0.0,50.0,0.07944,0.0,0.0
2026-04-20T03:30:00+00:00,0.0,0.0,0.0,477.5,477.5,0.0,50.0,0.07345,0.0,0.0
2026-04-20T03:45:00+00:00,0.0,0.0,0.0,395.6,395.6,0.0,50.0,0.07545,0.0,0.0
2026-04-20T04:00:00+00:00,0.0,0.0,0.0,475.8,475.8,0.0,50.0,0.10029,0.0,0.0
2026-04-20T04:15:00+00:00,0.0,0.0,0.0,461.5,461.5,0.0,50.0,0.09412,0.0,0.0
2026-04-20T04:30:00+00:00,0.0,0.0,0.0,713.2,713.2,0.0,50.0,0.08658,0.0,0.0
2026-04-20T04:45:00+00:00,2372.6,2372.6,0.0,888.6,-1484.0,0.0,50.0,0.08935,2234.2,1199.4
2026-04-20T05:00:00+00:00,2556.0,2556.0,0.0,1201.6,-1354.4,0.0,50.0,0.10632,2487.5,1192.7
2026-04-20T05:15:00+00:00,3075.8,3075.8,0.0,1449.6,-1626.2,0.0,50.0,0.10976,2871.7,1647.4
2026-04-20T05:30:00+00:00,3426.8,3426.8,0.0,1399.4,-2027.4,0.0,50.0,0.10492,3295.5,1682.9
2026-04-20T05:45:00+00:00,3786.0,3786.0,0.0,1351.6,-2434.4,0.0,50.0,0.1129,3773.6,2079.9
2026-04-20T06:00:00+00:00,4059.5,4059.5,0.0,1082.5,-2977.0,0.0,50.0,0.09736,4387.2,2218.7
2026-04-20T06:15:00+00:00,4292.1,4292.1,0.0,928.1,-3364.0,0.0,50.0,0.11218,4383.4,2251.5
2026-04-20T06:30:00+00:00,4287.1,4287.1,0.0,740.6,-3546.4,0.0,50.0,0.10674,4227.3,2447.6
2026-04-20T06:45:00+00:00,4448.6,4448.6,0.0,616.0,-3832.7,0.0,50.0,0.10626,4401.5,2477.7
2026-04-20T07:00:00+00:00,4376.1,4376.1,0.0,514.0,-3862.1,0.0,50.0,0.06828,4636.1,2367.6
2026-04-20T07:15:00+00:00,3975.8,3975.8,0.0,394.0,-3581.8,0.0,50.0,0.07135,4239.3,2120.2
2026-04-20T07:30:00+00:00,3782.9,3782.9,0.0,421.8,-3361.2,0.0,50.0,0.07097,4061.4,2042.3
2026-04-20T07:45:00+00:00,3851.4,3851.4,0.0,331.5,-3519.8,0.0,50.0,0.07075,4390.0,2140.8
2026-04-20T08:00:00+00:00,3882.6,3882.6,0.0,300.0,-3582.6,0.0,50.0,0.03784,4245.6,2251.5
2026-04-20T08:15:00+00:00,3913.7,3913.7,0.0,332.7,-3581.0,0.0,50.0,0.033,4254.1,2315.9
2026-04-20T08:30:00+00:00,4178.2,4178.2,0.0,329.0,-3849.3,0.0,50.0,0.03723,4238.4,2709.3
2026-04-20T08:45:00+00:00,4283.3,4283.3,0.0,370.5,-3912.8,0.0,50.0,0.03664,4538.6,2447.8
2026-04-20T09:00:00+00:00,4548.0,4548.0,0.0,470.0,-4077.9,0.0,50.0,0.00872,4762.9,2588.9
2026-04-20T09:15:00+00:00,5207.9,5207.9,0.0,780.3,-4427.6,0.0,50.0,0.01258,5098.1,2835.9
2026-04-20T09:30:00+00:00,5494.6,5494.6,0.0,682.2,-4812.5,0.0,50.0,0.01401,5553.0,2717.3
2026-04-20T09:45:00+00:00,5612.1,5612.1,0.0,488.0,-5124.0,0.0,50.0,0.01469,6007.8,2589.2
2026-04-20T10:00:00+00:00,5900.0,5900.0,0.0,383.0,-5517.0,0.0,50.0,-0.01204,6446.7,2722.5
2026-04-20T10:15:00+00:00,6234.7,6234.7,0.0,418.7,-5816.0,0.0,50.0,-0.00833,6151.5,3448.0
2026-04-20T10:30:00+00:00,6519.2,6519.2,0.0,509.9,-6009.3,0.0,50.0,-0.00635,6397.4,3791.5
2026-04-20T10:45:00+00:00,7255.4,7255.4,0.0,460.8,-6794.6,0.0,50.0,-0.00813,6973.4,4142.1
2026-04-20T11:00:00+00:00,7676.2,7676.2,0.0,311.7,-7364.4,0.0,50.0,-0.00117,7374.7,4349.9
2026-04-20T11:15:00+00:00,7751.6,7751.6,0.0,350.7,-7400.9,0.0,50.0,-0.0047,7091.1,4230.1
2026-04-20T11:30:00+00:00,7799.7,7799.7,0.0,300.0,-7499.7,0.0,50.0,-0.0019,6975.2,4340.8
2026-04-20T11:45:00+00:00,7820.5,7820.5,0.0,389.5,-7431.0,0.0,50.0,-0.01945,7599.7,4442.9
2026-04-20T12:00:00+00:00,7813.7,7813.7,0.0,515.9,-7297.8,0.0,50.0,0.01262,7162.7,4550.2
2026-04-20T12:15:00+00:00,7779.4,7779.4,0.0,668.3,-7111.2,0.0,50.0,0.00332,7252.8,5263.5
2026-04-20T12:30:00+00:00,7717.8,7717.8,0.0,480.2,-7237.7,0.0,50.0,0.0066,7272.6,5511.1
2026-04-20T12:45:00+00:00,7491.4,7491.4,0.0,432.2,-7059.2,0.0,50.0,0.01588,7242.6,5517.9
2026-04-20T13:00:00+00:00,6727.4,6727.4,0.0,484.8,-6242.6,0.0,50.0,0.04021,7123.7,4741.0
2026-04-20T13:15:00+00:00,6789.8,6789.8,0.0,571.9,-6217.8,0.0,50.0,0.04456,7182.0,4664.5
2026-04-20T13:30:00+00:00,6738.3,6738.3,0.0,802.2,-5936.0,0.0,50.0,0.04085,7452.3,4775.0
2026-04-20T13:45:00+00:00,6823.4,6823.4,0.0,726.2,-6097.2,0.0,50.0,0.04022,7876.6,4475.0
2026-04-20T14:00:00+00:00,6419.4,6419.4,0.0,517.5,-5901.9,0.0,50.0,0.08341,7179.2,4084.3
2026-04-20T14:15:00+00:00,6004.0,6004.0,0.0,530.7,-5473.4,0.0,50.0,0.08378,6677.6,3715.2
2026-04-20T14:30:00+00:00,5372.2,5372.2,0.0,831.5,-4540.6,0.0,50.0,0.08652,5855.5,3233.7
2026-04-20T14:45:00+00:00,4928.8,4928.8,0.0,978.2,-3950.6,0.0,50.0,0.0872,5382.5,3014.2
2026-04-20T15:00:00+00:00,4505.5,4505.5,0.0,1110.4,-3395.1,0.0,50.0,0.14092,4760.1,2541.9
2026-04-20T15:15:00+00:00,4310.5,4310.5,0.0,1151.8,-3158.7,0.0,50.0,0.15342,4128.6,2601.8
2026-04-20T15:30:00+00:00,4002.5,4002.5,0.0,1323.8,-2678.7,0.0,50.0,0.14692,3910.8,2562.8
2026-04-20T15:45:00+00:00,4012.0,4012.0,0.0,1490.6,-2521.3,0.0,50.0,0.14799,4004.1,2675.7
2026-04-20T16:00:00+00:00,4117.6,4117.6,0.0,1679.2,-2438.4,0.0,50.0,0.20941,4127.7,2587.5
2026-04-20T16:15:00+00:00,4123.5,4123.5,0.0,1822.2,-2301.3,0.0,50.0,0.19947,3992.1,2635.0
2026-04-20T16:30:00+00:00,4337.3,4337.3,0.0,1821.0,-2516.3,0.0,50.0,0.20573,4398.1,2945.0
2026-04-20T16:45:00+00:00,4100.9,4100.9,0.0,1868.0,-2232.9,0.0,50.0,0.19272,4689.3,2884.4
2026-04-20T17:00:00+00:00,4008.6,4008.6,0.0,1729.7,-2279.0,0.0,50.0,0.20545,4550.2,2784.8
2026-04-20T17:15:00+00:00,3919.1,3919.1,0.0,1548.1,-2371.1,0.0,50.0,0.20677,4151.7,2522.3
2026-04-20T17:30:00+00:00,4183.7,4183.7,0.0,1573.6,-2610.1,0.0,50.0,0.20731,4018.4,3096.0
2026-04-20T17:45:00+00:00,4198.5,4198.5,0.0,1662.5,-2536.0,0.0,50.0,0.20916,4190.6,2989.6
2026-04-20T18:00:00+00:00,3814.5,3814.5,0.0,1439.8,-2374.7,0.0,50.0,0.15812,3821.8,2643.7
2026-04-20T18:15:00+00:00,3487.1,3487.1,0.0,1370.5,-2116.6,0.0,50.0,0.15546,3222.9,2281.3
2026-04-20T18:30:00+00:00,0.0,0.0,0.0,1078.8,1078.8,0.0,50.0,0.15232,0.0,0.0
2026-04-20T18:45:00+00:00,0.0,0.0,0.0,1086.5,1086.5,0.0,50.0,0.15421,0.0,0.0
2026-04-20T19:00:00+00:00,0.0,0.0,0.0,787.3,787.3,0.0,50.0,0.10671,0.0,0.0
2026-04-20T19:15:00+00:00,0.0,0.0,0.0,693.0,693.0,0.0,50.0,0.10775,0.0,0.0
2026-04-20T19:30:00+00:00,0.0,0.0,0.0,515.9,515.9,0.0,50.0,0.11143,0.0,0.0
2026-04-20T19:45:00+00:00,0.0,0.0,0.0,514.9,514.9,0.0,50.0,0.11067,0.0,0.0
2026-04-20T20:00:00+00:00,0.0,0.0,0.0,448.3,448.3,0.0,50.0,0.08821,0.0,0.0
2026-04-20T20:15:00+00:00,0.0,0.0,0.0,440.8,440.8,0.0,50.0,0.09364,0.0,0.0
2026-04-20T20:30:00+00:00,0.0,0.0,0.0,365.7,365.7,0.0,50.0,0.0867,0.0,0.0
2026-04-20T20:45:00+00:00,0.0,0.0,0.0,525.3,525.3,0.0,50.0,0.08668,0.0,0.0
2026-04-20T21:00:00+00:00,0.0,0.0,0.0,439.4,439.4,0.0,50.0,0.08785,0.0,0.0
2026-04-20T21:15:00+00:00,0.0,0.0,0.0,455.5,455.5,0.0,50.0,0.08899,0.0,0.0
2026-04-20T21:30:00+00:00,0.0,0.0,0.0,315.7,315.7,0.0,50.0,0.0897,0.0,0.0
2026-04-20T21:45:00+00:00,0.0,0.0,0.0,309.8,309.8,0.0,50.0,0.08362,0.0,0.0
2026-04-20T22:00:00+00:00,0.0,0.0,0.0,300.0,300.0,0.0,50.0,0.08763,0.0,0.0
2026-04-20T22:15:00+00:00,0.0,0.0,0.0,300.0,300.0,0.0,50.0,0.08201,0.0,0.0
2026-04-20T22:30:00+00:00,0.0,0.0,0.0,300.0,300.0,0.0,50.0,0.08924,0.0,0.0
2026-04-20T22:45:00+00:00,0.0,0.0,0.0,424.2,424.2,0.0,50.0,0.07815,0.0,0.0
2026-04-20T23:00:00+00:00,0.0,0.0,0.0,300.0,300.0,0.0,50.0,0.07416,0.0,0.0
2026-04-20T23:15:00+00:00,0.0,0.0,0.0,300.0,300.0,0.0,50.0,0.07137,0.0,0.0
2026-04-20T23:30:00+00:00,0.0,0.0,0.0,300.0,300.0,0.0,50.0,0.08869,0.0,0.0
2026-04-20T23:45:00+00:00,0.0,0.0,0.0,300.0,300.0,0.0,50.0,0.07348,0.0,0.0
2026-04-21T00:00:00+00:00,0.0,0.0,0.0,300.0,300.0,0.0,50.0,0.075,0.0,0.0
2026-04-21T00:15:00+00:00,0.0,0.0,0.0,300.0,300.0,0.0,50.0,0.06838,0.0,0.0
2026-04-21T00:30:00+00:00,0.0,0.0,0.0,300.0,300.0,0.0,50.0,0.07532,0.0,0.0
2026-04-21T00:45:00+00:00,0.0,0.0,0.0,374.1,374.1,0.0,50.0,0.07607,0.0,0.0
2026-04-21T01:00:00+00:00,0.0,0.0,0.0,471.1,471.1,0.0,50.0,0.06532,0.0,0.0
2026-04-21T01:15:00+00:00,0.0,0.0,0.0,540.2,540.2,0.0,50.0,0.07403,0.0,0.0
2026-04-21T01:30:00+00:00,0.0,0.0,0.0,475.9,475.9,0.0,50.0,0.07067,0.0,0.0
2026-04-21T01:45:00+00:00,0.0,0.0,0.0,423.3,423.3,0.0,50.0,0.06316,0.0,0.0
2026-04-21T02:00:00+00:00,0.0,0.0,0.0,378.6,378.6,0.0,50.0,0.07611,0.0,0.0
2026-04-21T02:15:00+00:00,0.0,0.0,0.0,393.8,393.8,0.0,50.0,0.0732,0.0,0.0
2026-04-21T02:30:00+00:00,0.0,0.0,0.0,315.3,315.3,0.0,50.0,0.07074,0.0,0.0
2026-04-21T02:45:00+00:00,0.0,0.0,0.0,300.0,300.0,0.0,50.0,0.08088,0.0,0.0
2026-04-21T03:00:00+00:00,0.0,0.0,0.0,300.0,300.0,0.0,50.0,0.08145,0.0,0.0
2026-04-21T03:15:00+00:00,0.0,0.0,0.0,300.0,300.0,0.0,50.0,0.08633,0.0,0.0
2026-04-21T03:30:00+00:00,0.0,0.0,0.0,333.9,333.9,0.0,50.0,0.08013,0.0,0.0
2026-04-21T03:45:00+00:00,0.0,0.0,0.0,458.7,458.7,0.0,50.0,0.08006,0.0,0.0
2026-04-21T04:00:00+00:00,0.0,0.0,0.0,621.4,621.4,0.0,50.0,0.09929,0.0,0.0
2026-04-21T04:15:00+00:00,0.0,0.0,0.0,678.6,678.6,0.0,50.0,0.09167,0.0,0.0
2026-04-21T04:30:00+00:00,0.0,0.0,0.0,862.4,862.4,0.0,50.0,0.08751,0.0,0.0
2026-04-21T04:45:00+00:00,2740.2,2740.2,0.0,1038.8,-1701.4,0.0,50.0,0.09596,2979.0,2569.3
2026-04-21T05:00:00+00:00,2904.4,2904.4,0.0,1231.4,-1673.0,0.0,50.0,0.12127,3192.0,2461.5
2026-04-21T05:15:00+00:00,3170.7,3170.7,0.0,1405.1,-1765.6,0.0,50.0,0.11875,3249.4,3173.4
2026-04-21T05:30:00+00:00,3499.6,3499.6,0.0,1393.3,-2106.4,0.0,50.0,0.10673,3600.6,3528.5
2026-04-21T05:45:00+00:00,3867.5,3867.5,0.0,1456.6,-2410.9,0.0,50.0,0.11579,4088.8,3636.3
2026-04-21T06:00:00+00:00,3943.3,3943.3,0.0,1188.2,-2755.1,0.0,50.0,0.10876,4152.0,3899.7
2026-04-21T06:15:00+00:00,3959.2,3959.2,0.0,1064.6,-2894.6,0.0,50.0,0.10896,3769.0,3884.7
2026-04-21T06:30:00+00:00,3944.7,3944.7,0.0,821.2,-3123.5,0.0,50.0,0.10498,3733.6,4168.1
2026-04-21T06:45:00+00:00,4071.7,4071.7,0.0,804.0,-3267.7,0.0,50.0,0.10396,4028.5,4133.7
2026-04-21T07:00:00+00:00,3939.7,3939.7,0.0,543.8,-3395.9,0.0,50.0,0.07363,3898.4,3874.2
2026-04-21T07:15:00+00:00,3982.9,3982.9,0.0,586.9,-3396.0,0.0,50.0,0.08454,3839.3,4016.1
2026-04-21T07:30:00+00:00,4098.4,4098.4,0.0,566.7,-3531.7,0.0,50.0,0.07968,3992.9,3908.2
2026-04-21T07:45:00+00:00,4053.1,4053.1,0.0,563.9,-3489.3,0.0,50.0,0.08456,4055.7,3922.2
2026-04-21T08:00:00+00:00,4434.4,4434.4,0.0,324.0,-4110.5,0.0,50.0,0.05102,4486.6,3764.1
2026-04-21T08:15:00+00:00,4685.7,4685.7,0.0,335.5,-4350.2,0.0,50.0,0.05195,4888.8,3956.7
2026-04-21T08:30:00+00:00,4899.0,4899.0,0.0,322.7,-4576.2,0.0,50.0,0.04959,5432.0,3886.9
2026-04-21T08:45:00+00:00,4897.4,4897.4,0.0,408.9,-4488.5,0.0,50.0,0.05819,5481.9,4048.4
2026-04-21T09:00:00+00:00,5438.4,5438.4,0.0,527.2,-4911.2,0.0,50.0,0.03366,6159.2,4505.1
2026-04-21T09:15:00+00:00,5721.4,5721.4,0.0,626.1,-5095.3,0.0,50.0,0.03134,6435.3,4666.0
2026-04-21T09:30:00+00:00,5716.4,5716.4,0.0,582.9,-5133.4,0.0,50.0,0.02458,6579.3,4610.9
2026-04-21T09:45:00+00:00,5751.4,5751.4,0.0,440.3,-5311.2,0.0,50.0,0.02876,6243.2,4216.6
2026-04-21T10:00:00+00:00,5362.3,5362.3,0.0,382.5,-4979.8,0.0,50.0,0.02134,5445.8,4194.4
2026-04-21T10:15:00+00:00,5474.3,5474.3,0.0,376.0,-5098.3,0.0,50.0,0.01007,5281.2,3871.3
2026-04-21T10:30:00+00:00,5385.5,5385.5,0.0,485.7,-4899.8,0.0,50.0,0.02034,5104.3,3693.9
2026-04-21T10:45:00+00:00,5605.2,5605.2,0.0,494.8,-5110.5,0.0,50.0,0.0237,5253.2,4137.6
2026-04-21T11:00:00+00:00,5740.5,5740.5,0.0,524.1,-5216.4,0.0,50.0,0.00743,5275.7,4350.9
2026-04-21T11:15:00+00:00,5819.5,5819.5,0.0,376.4,-5443.2,0.0,50.0,0.01783,5497.7,4853.7
2026-04-21T11:30:00+00:00,5763.2,5763.2,0.0,346.2,-5417.1,0.0,50.0,0.01055,5744.4,5045.8
2026-04-21T11:45:00+00:00,5963.5,5963.5,0.0,319.8,-5643.6,0.0,50.0,0.01449,6280.9,5051.7
2026-04-21T12:00:00+00:00,6095.4,6095.4,0.0,487.6,-5607.8,0.0,50.0,0.03347,6526.0,5906.2
2026-04-21T12:15:00+00:00,6289.0,6289.0,0.0,615.9,-5673.1,0.0,50.0,0.0313,6752.7,5924.1
2026-04-21T12:30:00+00:00,5819.8,5819.8,0.0,681.7,-5138.1,0.0,50.0,0.03078,5834.0,5509.9
2026-04-21T12:45:00+00:00,5534.2,5534.2,0.0,732.2,-4802.0,0.0,50.0,0.02692,5672.9,4908.7
2026-04-21T13:00:00+00:00,5161.2,5161.2,0.0,672.1,-4489.1,0.0,50.0,0.05463,5076.4,4072.9
2026-04-21T13:15:00+00:00,5016.9,5016.9,0.0,607.8,-4409.1,0.0,50.0,0.05111,4817.2,4682.4
2026-04-21T13:30:00+00:00,5446.3,5446.3,0.0,511.0,-4935.3,0.0,50.0,0.04941,5346.6,3993.7
2026-04-21T13:45:00+00:00,5354.7,5354.7,0.0,509.0,-4845.7,0.0,50.0,0.05687,5291.7,3996.2
2026-04-21T14:00:00+00:00,5391.3,5391.3,0.0,679.5,-4711.9,0.0,50.0,0.09008,5701.6,4472.5
2026-04-21T14:15:00+00:00,5103.6,5103.6,0.0,768.9,-4334.7,0.0,50.0,0.09648,5106.5,4534.1
2026-04-21T14:30:00+00:00,5049.4,5049.4,0.0,948.6,-4100.9,0.0,50.0,0.08778,5359.1,4696.3
2026-04-21T14:45:00+00:00,4900.5,4900.5,0.0,1039.1,-3861.4,0.0,50.0,0.08277,5077.0,4386.6
2026-04-21T15:00:00+00:00,4854.4,4854.4,0.0,1095.9,-3758.5,0.0,50.0,0.15512,4579.5,4698.4
2026-04-21T15:15:00+00:00,4531.4,4531.4,0.0,1223.5,-3307.8,0.0,50.0,0.14718,4248.5,4360.3
2026-04-21T15:30:00+00:00,4022.2,4022.2,0.0,1313.2,-2709.1,0.0,50.0,0.14319,3700.7,3737.5
2026-04-21T15:45:00+00:00,4011.1,4011.1,0.0,1418.4,-2592.7,0.0,50.0,0.15558,3991.2,3962.2
2026-04-21T16:00:00+00:00,4100.0,4100.0,0.0,1511.1,-2588.9,0.0,50.0,0.20545,4134.7,3783.5
2026-04-21T16:15:00+00:00,4190.8,4190.8,0.0,1653.7,-2537.1,0.0,50.0,0.20567,4467.0,3869.5
2026-04-21T16:30:00+00:00,4159.4,4159.4,0.0,1779.1,-2380.2,0.0,50.0,0.21032,4668.4,4138.2
2026-04-21T16:45:00+00:00,4161.6,4161.6,0.0,2030.7,-2131.0,0.0,50.0,0.21155,4734.3,4202.2
2026-04-21T17:00:00+00:00,3907.4,3907.4,0.0,2068.8,-1838.6,0.0,50.0,0.21293,4423.8,4087.1
2026-04-21T17:15:00+00:00,3775.4,3775.4,0.0,1911.3,-1864.1,0.0,50.0,0.20655,4198.5,3912.7
2026-04-21T17:30:00+00:00,3848.7,3848.7,0.0,1842.6,-2006.1,0.0,50.0,0.21889,4005.1,4053.1
2026-04-21T17:45:00+00:00,3696.6,3696.6,0.0,1631.0,-2065.7,0.0,50.0,0.20513,3897.7,3385.6
2026-04-21T18:00:00+00:00,3428.2,3428.2,0.0,1415.5,-2012.8,0.0,50.0,0.16028,3507.2,2886.8
2026-04-21T18:15:00+00:00,3102.3,3102.3,0.0,1331.8,-1770.5,0.0,50.0,0.15774,3449.0,2487.4
2026-04-21T18:30:00+00:00,0.0,0.0,0.0,1278.3,1278.3,0.0,50.0,0.1668,0.0,0.0
2026-04-21T18:45:00+00:00,0.0,0.0,0.0,1073.8,1073.8,0.0,50.0,0.15996,0.0,0.0
2026-04-21T19:00:00+00:00,0.0,0.0,0.0,787.1,787.1,0.0,50.0,0.11718,0.0,0.0
2026-04-21T19:15:00+00:00,0.0,0.0,0.0,788.7,788.7,0.0,50.0,0.11295,0.0,0.0
2026-04-21T19:30:00+00:00,0.0,0.0,0.0,897.5,897.5,0.0,50.0,0.11364,0.0,0.0
2026-04-21T19:45:00+00:00,0.0,0.0,0.0,710.2,710.2,0.0,50.0,0.11139,0.0,0.0
2026-04-21T20:00:00+00:00,0.0,0.0,0.0,554.8,554.8,0.0,50.0,0.09897,0.0,0.0
2026-04-21T20:15:00+00:00,0.0,0.0,0.0,408.5,408.5,0.0,50.0,0.09682,0.0,0.0
2026-04-21T20:30:00+00:00,0.0,0.0,0.0,436.6,436.6,0.0,50.0,0.0967,0.0,0.0
2026-04-21T20:45:00+00:00,0.0,0.0,0.0,355.1,355.1,0.0,50.0,0.09206,0.0,0.0
2026-04-21T21:00:00+00:00,0.0,0.0,0.0,307.9,307.9,0.0,50.0,0.09534,0.0,0.0
2026-04-21T21:15:00+00:00,0.0,0.0,0.0,337.1,337.1,0.0,50.0,0.09546,0.0,0.0
2026-04-21T21:30:00+00:00,0.0,0.0,0.0,426.6,426.6,0.0,50.0,0.09354,0.0,0.0
2026-04-21T21:45:00+00:00,0.0,0.0,0.0,315.5,315.5,0.0,50.0,0.08898,0.0,0.0
2026-04-21T22:00:00+00:00,0.0,0.0,0.0,300.0,300.0,0.0,50.0,0.0871,0.0,0.0
2026-04-21T22:15:00+00:00,0.0,0.0,0.0,300.0,300.0,0.0,50.0,0.07956,0.0,0.0
2026-04-21T22:30:00+00:00,0.0,0.0,0.0,308.7,308.7,0.0,50.0,0.0895,0.0,0.0
2026-04-21T22:45:00+00:00,0.0,0.0,0.0,363.0,363.0,0.0,50.0,0.09192,0.0,0.0
2026-04-21T23:00:00+00:00,0.0,0.0,0.0,465.4,465.4,0.0,50.0,0.07369,0.0,0.0
2026-04-21T23:15:00+00:00,0.0,0.0,0.0,543.7,543.7,0.0,50.0,0.08189,0.0,0.0
2026-04-21T23:30:00+00:00,0.0,0.0,0.0,498.2,498.2,0.0,50.0,0.08428,0.0,0.0
2026-04-21T23:45:00+00:00,0.0,0.0,0.0,471.8,471.8,0.0,50.0,0.07467,0.0,0.0
2026-04-22T00:00:00+00:00,0.0,0.0,0.0,305.2,305.2,0.0,50.0,0.07176,0.0,0.0
2026-04-22T00:15:00+00:00,0.0,0.0,0.0,300.0,300.0,0.0,50.0,0.07173,0.0,0.0
2026-04-22T00:30:00+00:00,0.0,0.0,0.0,315.0,315.0,0.0,50.0,0.07059,0.0,0.0
2026-04-22T00:45:00+00:00,0.0,0.0,0.0,390.2,390.2,0.0,50.0,0.06857,0.0,0.0
2026-04-22T01:00:00+00:00,0.0,0.0,0.0,323.4,323.4,0.0,50.0,0.06816,0.0,0.0
2026-04-22T01:15:00+00:00,0.0,0.0,0.0,300.0,300.0,0.0,50.0,0.07239,0.0,0.0
2026-04-22T01:30:00+00:00,0.0,0.0,0.0,300.3,300.3,0.0,50.0,0.07282,0.0,0.0
2026-04-22T01:45:00+00:00,0.0,0.0,0.0,333.2,333.2,0.0,50.0,0.06587,0.0,0.0
2026-04-22T02:00:00+00:00,0.0,0.0,0.0,352.8,352.8,0.0,50.0,0.07175,0.0,0.0
2026-04-22T02:15:00+00:00,0.0,0.0,0.0,300.0,300.0,0.0,50.0,0.07565,0.0,0.0
2026-04-22T02:30:00+00:00,0.0,0.0,0.0,331.4,331.4,0.0,50.0,0.06738,0.0,0.0
2026-04-22T02:45:00+00:00,0.0,0.0,0.0,404.2,404.2,0.0,50.0,0.07134,0.0,0.0
2026-04-22T03:00:00+00:00,0.0,0.0,0.0,490.6,490.6,0.0,50.0,0.08013,0.0,0.0
2026-04-22T03:15:00+00:00,0.0,0.0,0.0,548.7,548.7,0.0,50.0,0.08552,0.0,0.0
2026-04-22T03:30:00+00:00,0.0,0.0,0.0,417.1,417.1,0.0,50.0,0.07949,0.0,0.0
2026-04-22T03:45:00+00:00,0.0,0.0,0.0,385.8,385.8,0.0,50.0,0.08981,0.0,0.0
2026-04-22T04:00:00+00:00,0.0,0.0,0.0,441.7,441.7,0.0,50.0,0.09306,0.0,0.0
2026-04-22T04:15:00+00:00,0.0,0.0,0.0,706.7,706.7,0.0,50.0,0.10193,0.0,0.0
2026-04-22T04:30:00+00:00,0.0,0.0,0.0,790.9,790.9,0.0,50.0,0.10022,0.0,0.0
2026-04-22T04:45:00+00:00,1574.2,1574.2,0.0,971.7,-602.5,0.0,50.0,0.09938,1980.3,1008.5
2026-04-22T05:00:00+00:00,1713.1,1713.1,0.0,1230.3,-482.8,0.0,50.0,0.11711,2042.0,1082.0
2026-04-22T05:15:00+00:00,1928.8,1928.8,0.0,1299.3,-629.6,0.0,50.0,0.10944,2214.7,1215.5
2026-04-22T05:30:00+00:00,2146.8,2146.8,0.0,1405.2,-741.7,0.0,50.0,0.11039,2452.3,1458.9
2026-04-22T05:45:00+00:00,2329.4,2329.4,0.0,1417.8,-911.6,0.0,50.0,0.11963,2568.2,1560.0
2026-04-22T06:00:00+00:00,2568.0,2568.0,0.0,1344.3,-1223.7,0.0,50.0,0.10831,2639.3,1774.5
2026-04-22T06:15:00+00:00,2640.7,2640.7,0.0,1208.4,-1432.3,0.0,50.0,0.11266,2579.0,1563.9
2026-04-22T06:30:00+00:00,2572.7,2572.7,0.0,975.2,-1597.5,0.0,50.0,0.11038,2528.9,1592.1
2026-04-22T06:45:00+00:00,2742.9,2742.9,0.0,877.1,-1865.8,0.0,50.0,0.11287,2722.3,1716.2
2026-04-22T07:00:00+00:00,2817.9,2817.9,0.0,629.7,-2188.1,0.0,50.0,0.0866,2771.2,1494.8
2026-04-22T07:15:00+00:00,2962.0,2962.0,0.0,608.3,-2353.7,0.0,50.0,0.08286,3043.6,1708.1
2026-04-22T07:30:00+00:00,3190.4,3190.4,0.0,544.5,-2646.0,0.0,50.0,0.08559,3260.8,1498.9
2026-04-22T07:45:00+00:00,3392.1,3392.1,0.0,502.9,-2889.2,0.0,50.0,0.07462,3558.8,1839.9
2026-04-22T08:00:00+00:00,3279.5,3279.5,0.0,336.8,-2942.7,0.0,50.0,0.05114,3596.1,1878.8
2026-04-22T08:15:00+00:00,3440.7,3440.7,0.0,419.9,-3020.9,0.0,50.0,0.05196,3625.5,1902.6
2026-04-22T08:30:00+00:00,3714.3,3714.3,0.0,489.6,-3224.7,0.0,50.0,0.05272,4262.6,2387.6
2026-04-22T08:45:00+00:00,3696.8,3696.8,0.0,473.0,-3223.7,0.0,50.0,0.0478,4285.2,2362.0
2026-04-22T09:00:00+00:00,3737.7,3737.7,0.0,509.8,-3227.8,0.0,50.0,0.02617,4540.5,2866.3
2026-04-22T09:15:00+00:00,4028.6,4028.6,0.0,332.4,-3696.2,0.0,50.0,0.03591,4917.7,3029.2
2026-04-22T09:30:00+00:00,4182.1,4182.1,0.0,470.3,-3711.8,0.0,50.0,0.03368,4930.1,2870.3
2026-04-22T09:45:00+00:00,3955.5,3955.5,0.0,337.8,-3617.7,0.0,50.0,0.02775,4739.3,2581.6
2026-04-22T10:00:00+00:00,4105.3,4105.3,0.0,510.0,-3595.4,0.0,50.0,0.01812,4573.6,2601.1
2026-04-22T10:15:00+00:00,3923.9,3923.9,0.0,367.6,-3556.4,0.0,50.0,0.01758,4383.5,2438.2
2026-04-22T10:30:00+00:00,4023.4,4023.4,0.0,542.9,-3480.6,0.0,50.0,0.01209,4186.7,2186.8
2026-04-22T10:45:00+00:00,4081.0,4081.0,0.0,560.8,-3520.2,0.0,50.0,0.02095,4151.0,2061.2
2026-04-22T11:00:00+00:00,4008.3,4008.3,0.0,609.5,-3398.8,0.0,50.0,0.01726,4346.0,2362.4
2026-04-22T11:15:00+00:00,3716.2,3716.2,0.0,623.3,-3092.9,0.0,50.0,0.01944,3956.1,2323.9
2026-04-22T11:30:00+00:00,3575.8,3575.8,0.0,666.9,-2908.9,0.0,50.0,0.02157,3838.6,2202.8
2026-04-22T11:45:00+00:00,3637.0,3637.0,0.0,644.6,-2992.4,0.0,50.0,0.00644,3780.8,2432.6
2026-04-22T12:00:00+00:00,3793.0,3793.0,0.0,598.4,-3194.6,0.0,50.0,0.02998,4161.4,2532.7
2026-04-22T12:15:00+00:00,4027.0,4027.0,0.0,465.0,-3562.0,0.0,50.0,0.02657,4547.2,2724.4
2026-04-22T12:30:00+00:00,3806.6,3806.6,0.0,416.0,-3390.6,0.0,50.0,0.03358,4233.1,2409.8
2026-04-22T12:45:00+00:00,3755.3,3755.3,0.0,408.4,-3346.9,0.0,50.0,0.02735,4116.5,2349.5
2026-04-22T13:00:00+00:00,4008.9,4008.9,0.0,577.4,-3431.5,0.0,50.0,0.05394,4422.9,2534.5
2026-04-22T13:15:00+00:00,4256.7,4256.7,0.0,535.4,-3721.2,0.0,50.0,0.05283,4606.0,2527.1
2026-04-22T13:30:00+00:00,4197.3,4197.3,0.0,589.8,-3607.4,0.0,50.0,0.05905,4310.2,2691.7
2026-04-22T13:45:00+00:00,4223.4,4223.4,0.0,502.7,-3720.7,0.0,50.0,0.05194,4328.3,2451.7
2026-04-22T14:00:00+00:00,3891.0,3891.0,0.0,552.8,-3338.2,0.0,50.0,0.09606,3854.3,2185.2
2026-04-22T14:15:00+00:00,3845.9,3845.9,0.0,683.9,-3162.0,0.0,50.0,0.09873,4111.6,2193.3
2026-04-22T14:30:00+00:00,3642.6,3642.6,0.0,966.5,-2676.2,0.0,50.0,0.09551,3607.8,2127.7
2026-04-22T14:45:00+00:00,3498.4,3498.4,0.0,1034.0,-2464.4,0.0,50.0,0.08891,3383.1,1955.8
2026-04-22T15:00:00+00:00,3336.2,3336.2,0.0,1172.0,-2164.1,0.0,50.0,0.14992,3258.9,1910.9
2026-04-22T15:15:00+00:00,3065.1,3065.1,0.0,1219.1,-1846.0,0.0,50.0,0.15791,2853.9,1943.0
2026-04-22T15:30:00+00:00,3035.0,3035.0,0.0,1409.7,-1625.3,0.0,50.0,0.16074,3018.2,2026.1
2026-04-22T15:45:00+00:00,3015.7,3015.7,0.0,1474.0,-1541.7,0.0,50.0,0.15897,2942.2,1885.0
2026-04-22T16:00:00+00:00,3114.6,3114.6,0.0,1544.4,-1570.3,0.0,50.0,0.48433,3271.1,1802.2
2026-04-22T16:15:00+00:00,2945.2,2945.2,0.0,1639.5,-1305.6,0.0,50.0,0.49144,3168.8,1716.6
2026-04-22T16:30:00+00:00,2831.2,2831.2,0.0,1881.6,-949.7,0.0,50.0,0.4847,3023.8,1351.3
2026-04-22T16:45:00+00:00,2710.9,2710.9,0.0,2031.3,-679.6,0.0,50.0,0.48524,3007.8,1264.9
2026-04-22T17:00:00+00:00,2506.5,2506.5,0.0,2014.7,-491.7,0.0,50.0,0.61423,2681.5,957.6
2026-04-22T17:15:00+00:00,2543.9,2543.9,0.0,1745.0,-798.9,0.0,50.0,0.62163,2766.9,1126.0
2026-04-22T17:30:00+00:00,2454.0,2454.0,0.0,1773.9,-680.1,0.0,50.0,0.60108,2667.4,1130.1
2026-04-22T17:45:00+00:00,2306.1,2306.1,0.0,1663.8,-642.3,0.0,50.0,0.61038,2441.9,1038.3
2026-04-22T18:00:00+00:00,2128.1,2128.1,0.0,1644.9,-483.3,0.0,50.0,0.44874,2349.1,1068.6
2026-04-22T18:15:00+00:00,2083.8,2083.8,0.0,1438.5,-645.3,0.0,50.0,0.43638,2306.5,1045.3
2026-04-22T18:30:00+00:00,0.0,0.0,0.0,1327.2,1327.2,0.0,50.0,0.43788,0.0,0.0
2026-04-22T18:45:00+00:00,0.0,0.0,0.0,1199.8,1199.8,0.0,50.0,0.44395,0.0,0.0
2026-04-22T19:00:00+00:00,0.0,0.0,0.0,917.1,917.1,0.0,50.0,0.11818,0.0,0.0
2026-04-22T19:15:00+00:00,0.0,0.0,0.0,776.1,776.1,0.0,50.0,0.1187,0.0,0.0
2026-04-22T19:30:00+00:00,0.0,0.0,0.0,691.3,691.3,0.0,50.0,0.11391,0.0,0.0
2026-04-22T19:45:00+00:00,0.0,0.0,0.0,760.0,760.0,0.0,50.0,0.11416,0.0,0.0
2026-04-22T20:00:00+00:00,0.0,0.0,0.0,797.0,797.0,0.0,50.0,0.10242,0.0,0.0
2026-04-22T20:15:00+00:00,0.0,0.0,0.0,764.5,764.5,0.0,50.0,0.08833,0.0,0.0
2026-04-22T20:30:00+00:00,0.0,0.0,0.0,638.6,638.6,0.0,50.0,0.10002,0.0,0.0
2026-04-22T20:45:00+00:00,0.0,0.0,0.0,593.5,593.5,0.0,50.0,0.09613,0.0,0.0
2026-04-22T21:00:00+00:00,0.0,0.0,0.0,526.4,526.4,0.0,50.0,0.08758,0.0,0.0
2026-04-22T21:15:00+00:00,0.0,0.0,0.0,630.9,630.9,0.0,50.0,0.09344,0.0,0.0
2026-04-22T21:30:00+00:00,0.0,0.0,0.0,539.4,539.4,0.0,50.0,0.09346,0.0,0.0
2026-04-22T21:45:00+00:00,0.0,0.0,0.0,439.6,439.6,0.0,50.0,0.09094,0.0,0.0
2026-04-22T22:00:00+00:00,0.0,0.0,0.0,369.8,369.8,0.0,50.0,0.07578,0.0,0.0
2026-04-22T22:15:00+00:00,0.0,0.0,0.0,362.5,362.5,0.0,50.0,0.08333,0.0,0.0
2026-04-22T22:30:00+00:00,0.0,0.0,0.0,302.8,302.8,0.0,50.0,0.07366,0.0,0.0
2026-04-22T22:45:00+00:00,0.0,0.0,0.0,306.9,306.9,0.0,50.0,0.07968,0.0,0.0
2026-04-22T23:00:00+00:00,0.0,0.0,0.0,300.0,300.0,0.0,50.0,0.0794,0.0,0.0
2026-04-22T23:15:00+00:00,0.0,0.0,0.0,300.0,300.0,0.0,50.0,0.07672,0.0,0.0
2026-04-22T23:30:00+00:00,0.0,0.0,0.0,300.0,300.0,0.0,50.0,0.07802,0.0,0.0
2026-04-22T23:45:00+00:00,0.0,0.0,0.0,300.0,300.0,0.0,50.0,0.0724,0.0,0.0
2026-04-23T00:00:00+00:00,0.0,0.0,0.0,300.0,300.0,0.0,50.0,0.06984,0.0,0.0
2026-04-23T00:15:00+00:00,0.0,0.0,0.0,300.0,300.0,0.0,50.0,0.07115,0.0,0.0
2026-04-23T00:30:00+00:00,0.0,0.0,0.0,300.7,300.7,0.0,50.0,0.06581,0.0,0.0
2026-04-23T00:45:00+00:00,0.0,0.0,0.0,300.0,300.0,0.0,50.0,0.06989,0.0,0.0
2026-04-23T01:00:00+00:00,0.0,0.0,0.0,405.1,405.1,0.0,50.0,0.07074,0.0,0.0
2026-04-23T01:15:00+00:00,0.0,0.0,0.0,313.2,313.2,0.0,50.0,0.07119,0.0,0.0
2026-04-23T01:30:00+00:00,0.0,0.0,0.0,300.0,300.0,0.0,50.0,0.07128,0.0,0.0
2026-04-23T01:45:00+00:00,0.0,0.0,0.0,357.6,357.6,0.0,50.0,0.06858,0.0,0.0
2026-04-23T02:00:00+00:00,0.0,0.0,0.0,366.7,366.7,0.0,50.0,0.07073,0.0,0.0
2026-04-23T02:15:00+00:00,0.0,0.0,0.0,352.5,352.5,0.0,50.0,0.07171,0.0,0.0
2026-04-23T02:30:00+00:00,0.0,0.0,0.0,458.4,458.4,0.0,50.0,0.06544,0.0,0.0
2026-04-23T02:45:00+00:00,0.0,0.0,0.0,482.4,482.4,0.0,50.0,0.07362,0.0,0.0
2026-04-23T03:00:00+00:00,0.0,0.0,0.0,387.7,387.7,0.0,50.0,0.08112,0.0,0.0
2026-04-23T03:15:00+00:00,0.0,0.0,0.0,436.0,436.0,0.0,50.0,0.0829,0.0,0.0
2026-04-23T03:30:00+00:00,0.0,0.0,0.0,300.0,300.0,0.0,50.0,0.08091,0.0,0.0
2026-04-23T03:45:00+00:00,0.0,0.0,0.0,368.4,368.4,0.0,50.0,0.08071,0.0,0.0
2026-04-23T04:00:00+00:00,0.0,0.0,0.0,399.6,399.6,0.0,50.0,0.10392,0.0,0.0
2026-04-23T04:15:00+00:00,0.0,0.0,0.0,539.6,539.6,0.0,50.0,0.09141,0.0,0.0
2026-04-23T04:30:00+00:00,0.0,0.0,0.0,756.5,756.5,0.0,50.0,0.09545,0.0,0.0
2026-04-23T04:45:00+00:00,961.9,961.9,0.0,1007.8,45.9,0.0,50.0,0.08778,1107.6,852.3
2026-04-23T05:00:00+00:00,1019.5,1019.5,0.0,1047.3,27.8,0.0,50.0,0.11173,1170.4,823.0
2026-04-23T05:15:00+00:00,1088.3,1088.3,0.0,1225.5,137.2,0.0,50.0,0.10524,1324.5,884.9
2026-04-23T05:30:00+00:00,1123.9,1123.9,0.0,1210.4,86.5,0.0,50.0,0.11341,1397.8,924.4
2026-04-23T05:45:00+00:00,1254.9,1254.9,0.0,1268.8,13.9,0.0,50.0,0.11228,1457.9,1143.0
2026-04-23T06:00:00+00:00,1395.0,1395.0,0.0,1149.9,-245.1,0.0,50.0,0.10652,1508.5,1329.1
2026-04-23T06:15:00+00:00,1460.7,1460.7,0.0,1195.5,-265.2,0.0,50.0,0.10473,1587.6,1442.8
2026-04-23T06:30:00+00:00,1519.6,1519.6,0.0,903.9,-615.7,0.0,50.0,0.10464,1633.0,1538.7
2026-04-23T06:45:00+00:00,1687.2,1687.2,0.0,592.8,-1094.5,0.0,50.0,0.1063,1678.1,1541.7
2026-04-23T07:00:00+00:00,1701.8,1701.8,0.0,533.3,-1168.5,0.0,50.0,0.08234,1805.4,1613.9
2026-04-23T07:15:00+00:00,1816.8,1816.8,0.0,584.0,-1232.7,0.0,50.0,0.08114,1985.9,1543.6
2026-04-23T07:30:00+00:00,1923.1,1923.1,0.0,554.9,-1368.2,0.0,50.0,0.07236,2128.1,1452.3
2026-04-23T07:45:00+00:00,1964.2,1964.2,0.0,535.5,-1428.7,0.0,50.0,0.07478,2082.3,1596.7
2026-04-23T08:00:00+00:00,1911.8,1911.8,0.0,431.5,-1480.3,0.0,50.0,0.04889,2068.2,1541.9
2026-04-23T08:15:00+00:00,1792.6,1792.6,0.0,371.7,-1420.9,0.0,50.0,0.045,1992.8,1659.5
2026-04-23T08:30:00+00:00,1801.1,1801.1,0.0,300.0,-1501.1,0.0,50.0,0.04767,1814.8,1479.1
2026-04-23T08:45:00+00:00,1782.9,1782.9,0.0,300.0,-1482.9,0.0,50.0,0.04564,1860.4,1611.0
2026-04-23T09:00:00+00:00,1689.1,1689.1,0.0,354.1,-1335.1,0.0,50.0,0.02158,1984.3,1599.0
2026-04-23T09:15:00+00:00,1642.1,1642.1,0.0,476.0,-1166.1,0.0,50.0,0.03031,1883.8,1475.1
2026-04-23T09:30:00+00:00,1733.3,1733.3,0.0,534.1,-1199.2,0.0,50.0,0.02812,1908.7,1802.0
2026-04-23T09:45:00+00:00,1589.0,1589.0,0.0,725.8,-863.2,0.0,50.0,0.02882,1713.0,1552.3
2026-04-23T10:00:00+00:00,1530.7,1530.7,0.0,639.0,-891.8,0.0,50.0,0.01664,1751.7,1503.2
2026-04-23T10:15:00+00:00,1724.3,1724.3,0.0,625.0,-1099.4,0.0,50.0,0.00731,1856.2,1645.0
2026-04-23T10:30:00+00:00,1749.2,1749.2,0.0,596.8,-1152.3,0.0,50.0,0.01559,1638.2,1588.6
2026-04-23T10:45:00+00:00,1807.4,1807.4,0.0,603.4,-1204.1,0.0,50.0,0.01912,1766.4,1841.0
2026-04-23T11:00:00+00:00,1866.3,1866.3,0.0,625.5,-1240.7,0.0,50.0,0.00901,2019.9,1724.9
2026-04-23T11:15:00+00:00,1944.6,1944.6,0.0,490.1,-1454.5,0.0,50.0,0.01503,2108.9,1546.7
2026-04-23T11:30:00+00:00,1800.8,1800.8,0.0,493.3,-1307.5,0.0,50.0,0.00921,2015.9,1513.0
2026-04-23T11:45:00+00:00,1937.7,1937.7,0.0,510.4,-1427.4,0.0,50.0,0.01552,2180.8,1540.9
2026-04-23T12:00:00+00:00,2208.5,2208.5,0.0,545.7,-1662.8,0.0,50.0,0.01863,2436.7,1955.0
2026-04-23T12:15:00+00:00,2156.1,2156.1,0.0,493.4,-1662.7,0.0,50.0,0.0298,2378.8,1478.8
2026-04-23T12:30:00+00:00,2067.9,2067.9,0.0,456.5,-1611.4,0.0,50.0,0.0235,2148.4,1148.8
2026-04-23T12:45:00+00:00,1965.2,1965.2,0.0,554.0,-1411.2,0.0,50.0,0.02724,2102.2,1426.0
2026-04-23T13:00:00+00:00,2171.7,2171.7,0.0,467.8,-1703.9,0.0,50.0,0.05772,2207.1,1568.3
2026-04-23T13:15:00+00:00,2149.3,2149.3,0.0,502.2,-1647.0,0.0,50.0,0.04747,2254.3,1418.8
2026-04-23T13:30:00+00:00,2091.6,2091.6,0.0,414.7,-1676.9,0.0,50.0,0.05154,2256.6,1127.1
2026-04-23T13:45:00+00:00,2025.1,2025.1,0.0,581.9,-1443.2,0.0,50.0,0.04772,2115.5,1165.6
2026-04-23T14:00:00+00:00,1888.4,1888.4,0.0,459.5,-1428.9,0.0,50.0,0.10098,1862.5,1233.4
2026-04-23T14:15:00+00:00,1858.1,1858.1,0.0,646.1,-1212.0,0.0,50.0,0.09186,1814.7,1267.9
2026-04-23T14:30:00+00:00,1793.1,1793.1,0.0,855.7,-937.4,0.0,50.0,0.09152,1745.3,1125.8
2026-04-23T14:45:00+00:00,1745.9,1745.9,0.0,1039.4,-706.6,0.0,50.0,0.08978,1556.3,1338.5
2026-04-23T15:00:00+00:00,1504.0,1504.0,0.0,1042.1,-461.9,0.0,50.0,0.14812,1404.9,1177.3
2026-04-23T15:15:00+00:00,1501.4,1501.4,0.0,1334.5,-166.9,0.0,50.0,0.16158,1453.6,1401.3
2026-04-23T15:30:00+00:00,1520.4,1520.4,0.0,1303.3,-217.0,0.0,50.0,0.15207,1549.2,1336.3
2026-04-23T15:45:00+00:00,1562.2,1562.2,0.0,1504.9,-57.3,0.0,50.0,0.15355,1670.0,1256.0
2026-04-23T16:00:00+00:00,1439.1,1439.1,0.0,1577.3,138.1,0.0,50.0,0.20744,1619.3,1224.2
2026-04-23T16:15:00+00:00,1403.7,1403.7,0.0,1729.8,326.0,0.0,50.0,0.20071,1653.5,1102.1
2026-04-23T16:30:00+00:00,1487.6,1487.6,0.0,1881.9,394.3,0.0,50.0,0.20366,1676.9,1297.8
2026-04-23T16:45:00+00:00,1439.3,1439.3,0.0,1812.5,373.2,0.0,50.0,0.20391,1600.4,1233.4
2026-04-23T17:00:00+00:00,1511.7,1511.7,0.0,1779.1,267.4,0.0,50.0,0.21022,1712.3,1336.5
2026-04-23T17:15:00+00:00,1357.3,1357.3,0.0,1700.3,343.1,0.0,50.0,0.20926,1456.9,1140.2
2026-04-23T17:30:00+00:00,1307.8,1307.8,0.0,1784.6,476.9,0.0,50.0,0.20345,1272.7,941.9
2026-04-23T17:45:00+00:00,1363.0,1363.0,0.0,1664.8,301.8,0.0,50.0,0.2011,1258.4,1013.0
2026-04-23T18:00:00+00:00,1376.1,1376.1,0.0,1490.8,114.8,0.0,50.0,0.15788,1401.6,949.3
2026-04-23T18:15:00+00:00,1372.2,1372.2,0.0,1260.8,-111.4,0.0,50.0,0.16253,1367.7,875.8
2026-04-23T18:30:00+00:00,0.0,0.0,0.0,1100.2,1100.2,0.0,50.0,0.16491,0.0,0.0
2026-04-23T18:45:00+00:00,0.0,0.0,0.0,1051.4,1051.4,0.0,50.0,0.15911,0.0,0.0
2026-04-23T19:00:00+00:00,0.0,0.0,0.0,1061.0,1061.0,0.0,50.0,0.11113,0.0,0.0
2026-04-23T19:15:00+00:00,0.0,0.0,0.0,912.1,912.1,0.0,50.0,0.11354,0.0,0.0
2026-04-23T19:30:00+00:00,0.0,0.0,0.0,700.4,700.4,0.0,50.0,0.11829,0.0,0.0
2026-04-23T19:45:00+00:00,0.0,0.0,0.0,651.0,651.0,0.0,50.0,0.10953,0.0,0.0
2026-04-23T20:00:00+00:00,0.0,0.0,0.0,528.7,528.7,0.0,50.0,0.0946,0.0,0.0
2026-04-23T20:15:00+00:00,0.0,0.0,0.0,575.9,575.9,0.0,50.0,0.08765,0.0,0.0
2026-04-23T20:30:00+00:00,0.0,0.0,0.0,450.9,450.9,0.0,50.0,0.09079,0.0,0.0
2026-04-23T20:45:00+00:00,0.0,0.0,0.0,537.0,537.0,0.0,50.0,0.10071,0.0,0.0
2026-04-23T21:00:00+00:00,0.0,0.0,0.0,397.9,397.9,0.0,50.0,0.08601,0.0,0.0
2026-04-23T21:15:00+00:00,0.0,0.0,0.0,435.4,435.4,0.0,50.0,0.08893,0.0,0.0
2026-04-23T21:30:00+00:00,0.0,0.0,0.0,394.8,394.8,0.0,50.0,0.08616,0.0,0.0
2026-04-23T21:45:00+00:00,0.0,0.0,0.0,430.1,430.1,0.0,50.0,0.09146,0.0,0.0
2026-04-23T22:00:00+00:00,0.0,0.0,0.0,434.0,434.0,0.0,50.0,0.07519,0.0,0.0
2026-04-23T22:15:00+00:00,0.0,0.0,0.0,405.8,405.8,0.0,50.0,0.08418,0.0,0.0
2026-04-23T22:30:00+00:00,0.0,0.0,0.0,352.9,352.9,0.0,50.0,0.07632,0.0,0.0
2026-04-23T22:45:00+00:00,0.0,0.0,0.0,318.2,318.2,0.0,50.0,0.07142,0.0,0.0
2026-04-23T23:00:00+00:00,0.0,0.0,0.0,300.0,300.0,0.0,50.0,0.06946,0.0,0.0
2026-04-23T23:15:00+00:00,0.0,0.0,0.0,300.0,300.0,0.0,50.0,0.06965,0.0,0.0
2026-04-23T23:30:00+00:00,0.0,0.0,0.0,309.5,309.5,0.0,50.0,0.07144,0.0,0.0
2026-04-23T23:45:00+00:00,0.0,0.0,0.0,300.0,300.0,0.0,50.0,0.06869,0.0,0.0
2026-04-24T00:00:00+00:00,0.0,0.0,0.0,350.5,350.5,0.0,50.0,0.06362,0.0,0.0
2026-04-24T00:15:00+00:00,0.0,0.0,0.0,376.1,376.1,0.0,50.0,0.06857,0.0,0.0
2026-04-24T00:30:00+00:00,0.0,0.0,0.0,300.0,300.0,0.0,50.0,0.05941,0.0,0.0
2026-04-24T00:45:00+00:00,0.0,0.0,0.0,300.0,300.0,0.0,50.0,0.06886,0.0,0.0
2026-04-24T01:00:00+00:00,0.0,0.0,0.0,477.2,477.2,0.0,50.0,0.06703,0.0,0.0
2026-04-24T01:15:00+00:00,0.0,0.0,0.0,446.3,446.3,0.0,50.0,0.0618,0.0,0.0
2026-04-24T01:30:00+00:00,0.0,0.0,0.0,486.4,486.4,0.0,50.0,0.05334,0.0,0.0
2026-04-24T01:45:00+00:00,0.0,0.0,0.0,355.3,355.3,0.0,50.0,0.06741,0.0,0.0
2026-04-24T02:00:00+00:00,0.0,0.0,0.0,300.0,300.0,0.0,50.0,0.06423,0.0,0.0
2026-04-24T02:15:00+00:00,0.0,0.0,0.0,300.0,300.0,0.0,50.0,0.06151,0.0,0.0
2026-04-24T02:30:00+00:00,0.0,0.0,0.0,300.0,300.0,0.0,50.0,0.06605,0.0,0.0
2026-04-24T02:45:00+00:00,0.0,0.0,0.0,349.1,349.1,0.0,50.0,0.06984,0.0,0.0
2026-04-24T03:00:00+00:00,0.0,0.0,0.0,300.0,300.0,0.0,50.0,0.07058,0.0,0.0
2026-04-24T03:15:00+00:00,0.0,0.0,0.0,324.7,324.7,0.0,50.0,0.07156,0.0,0.0
2026-04-24T03:30:00+00:00,0.0,0.0,0.0,312.0,312.0,0.0,50.0,0.07129,0.0,0.0
2026-04-24T03:45:00+00:00,0.0,0.0,0.0,429.4,429.4,0.0,50.0,0.0746,0.0,0.0
2026-04-24T04:00:00+00:00,0.0,0.0,0.0,543.5,543.5,0.0,50.0,0.09301,0.0,0.0
2026-04-24T04:15:00+00:00,0.0,0.0,0.0,639.3,639.3,0.0,50.0,0.08877,0.0,0.0
2026-04-24T04:30:00+00:00,0.0,0.0,0.0,687.6,687.6,0.0,50.0,0.08865,0.0,0.0
2026-04-24T04:45:00+00:00,2409.7,2409.7,0.0,804.6,-1605.1,0.0,50.0,0.08315,2500.3,2702.4
2026-04-24T05:00:00+00:00,2599.0,2599.0,0.0,1099.2,-1499.8,0.0,50.0,0.10503,2514.4,2923.1
2026-04-24T05:15:00+00:00,2914.3,2914.3,0.0,1139.0,-1775.3,0.0,50.0,0.11466,2699.9,3127.5
2026-04-24T05:30:00+00:00,3028.6,3028.6,0.0,1263.5,-1765.1,0.0,50.0,0.09713,2735.4,3255.7
2026-04-24T05:45:00+00:00,3092.9,3092.9,0.0,1112.3,-1980.6,0.0,50.0,0.11569,2791.6,3051.8
2026-04-24T06:00:00+00:00,3457.1,3457.1,0.0,1076.7,-2380.4,0.0,50.0,0.10285,3082.9,3084.9
2026-04-24T06:15:00+00:00,3892.3,3892.3,0.0,965.5,-2926.8,0.0,50.0,0.09563,3413.1,3372.6
2026-04-24T06:30:00+00:00,3727.3,3727.3,0.0,890.5,-2836.9,0.0,50.0,0.09878,3482.8,3246.6
2026-04-24T06:45:00+00:00,3918.8,3918.8,0.0,747.7,-3171.1,0.0,50.0,0.09291,3800.2,2918.2
2026-04-24T07:00:00+00:00,4476.7,4476.7,0.0,564.1,-3912.6,0.0,50.0,0.07243,4208.2,2932.2
2026-04-24T07:15:00+00:00,4545.0,4545.0,0.0,369.4,-4175.5,0.0,50.0,0.0683,4753.9,4105.4
2026-04-24T07:30:00+00:00,4615.3,4615.3,0.0,305.6,-4309.7,0.0,50.0,0.07518,4954.1,4158.1
2026-04-24T07:45:00+00:00,4844.3,4844.3,0.0,319.9,-4524.4,0.0,50.0,0.06481,5575.9,4887.2
2026-04-24T08:00:00+00:00,5018.3,5018.3,0.0,300.0,-4718.3,0.0,50.0,0.03167,5439.8,4915.1
2026-04-24T08:15:00+00:00,5245.8,5245.8,0.0,300.0,-4945.8,0.0,50.0,0.02539,5554.8,5662.9
2026-04-24T08:30:00+00:00,5679.2,5679.2,0.0,300.0,-5379.2,0.0,50.0,0.03269,5865.0,6891.7
2026-04-24T08:45:00+00:00,5330.1,5330.1,0.0,300.0,-5030.1,0.0,50.0,0.03107,5115.7,5362.0
2026-04-24T09:00:00+00:00,5184.7,5184.7,0.0,439.6,-4745.1,0.0,50.0,0.00656,4777.2,5361.6
2026-04-24T09:15:00+00:00,5447.9,5447.9,0.0,457.6,-4990.2,0.0,50.0,0.01111,4689.6,5325.1
2026-04-24T09:30:00+00:00,5931.8,5931.8,0.0,652.2,-5279.6,0.0,50.0,0.00326,5019.7,6216.4
2026-04-24T09:45:00+00:00,6123.8,6123.8,0.0,586.4,-5537.4,0.0,50.0,0.00793,4996.2,6428.0
2026-04-24T10:00:00+00:00,6035.4,6035.4,0.0,600.4,-5435.0,0.0,50.0,-0.01594,5353.9,6244.0
2026-04-24T10:15:00+00:00,5999.8,5999.8,0.0,330.1,-5669.7,0.0,50.0,-0.00682,5549.4,6782.8
2026-04-24T10:30:00+00:00,5698.2,5698.2,0.0,516.8,-5181.3,0.0,50.0,-0.00906,5671.6,6256.4
2026-04-24T10:45:00+00:00,5868.6,5868.6,0.0,490.3,-5378.3,0.0,50.0,-0.00223,5843.3,7019.1
2026-04-24T11:00:00+00:00,5265.6,5265.6,0.0,550.1,-4715.5,0.0,50.0,-0.01553,5619.5,5906.8
2026-04-24T11:15:00+00:00,5911.4,5911.4,0.0,457.8,-5453.6,0.0,50.0,-0.00868,6680.9,6175.9
2026-04-24T11:30:00+00:00,5613.3,5613.3,0.0,489.7,-5123.6,0.0,50.0,-0.0073,6179.2,5789.6
2026-04-24T11:45:00+00:00,5880.5,5880.5,0.0,458.9,-5421.6,0.0,50.0,-0.00802,6697.5,5656.5
2026-04-24T12:00:00+00:00,6010.2,6010.2,0.0,444.5,-5565.7,0.0,50.0,0.01191,6455.3,5805.1
2026-04-24T12:15:00+00:00,5806.7,5806.7,0.0,425.0,-5381.7,0.0,50.0,0.01274,5947.9,4980.5
2026-04-24T12:30:00+00:00,5956.6,5956.6,0.0,616.1,-5340.6,0.0,50.0,0.01413,5894.5,4606.5
2026-04-24T12:45:00+00:00,6375.4,6375.4,0.0,538.1,-5837.4,0.0,50.0,0.00772,5717.7,5398.8
2026-04-24T13:00:00+00:00,6530.4,6530.4,0.0,502.9,-6027.6,0.0,50.0,0.03037,5831.2,5682.3
2026-04-24T13:15:00+00:00,5727.9,5727.9,0.0,364.8,-5363.1,0.0,50.0,0.03935,4770.2,4490.5
2026-04-24T13:30:00+00:00,5552.1,5552.1,0.0,395.4,-5156.7,0.0,50.0,0.03029,4838.6,4670.1
2026-04-24T13:45:00+00:00,5101.5,5101.5,0.0,442.9,-4658.6,0.0,50.0,0.04252,4736.2,4581.8
2026-04-24T14:00:00+00:00,4925.2,4925.2,0.0,500.0,-4425.2,0.0,50.0,0.07804,4961.5,5337.3
2026-04-24T14:15:00+00:00,4722.1,4722.1,0.0,654.2,-4067.9,0.0,50.0,0.08393,5325.9,4740.2
2026-04-24T14:30:00+00:00,4696.9,4696.9,0.0,692.1,-4004.8,0.0,50.0,0.07854,5312.9,4168.9
2026-04-24T14:45:00+00:00,4203.0,4203.0,0.0,853.0,-3350.0,0.0,50.0,0.07766,4968.4,4175.5
2026-04-24T15:00:00+00:00,3977.5,3977.5,0.0,1159.6,-2817.8,0.0,50.0,0.14552,4628.0,3577.6
2026-04-24T15:15:00+00:00,3957.7,3957.7,0.0,1118.9,-2838.8,0.0,50.0,0.14236,4963.9,3177.7
2026-04-24T15:30:00+00:00,3892.0,3892.0,0.0,1305.1,-2586.9,0.0,50.0,0.1422,4711.9,2991.0
2026-04-24T15:45:00+00:00,3913.5,3913.5,0.0,1420.1,-2493.4,0.0,50.0,0.13954,4605.5,2987.5
2026-04-24T16:00:00+00:00,3938.6,3938.6,0.0,1649.1,-2289.5,0.0,50.0,0.19295,4582.4,3611.7
2026-04-24T16:15:00+00:00,3976.1,3976.1,0.0,1863.0,-2113.1,0.0,50.0,0.20262,4613.4,3597.6
2026-04-24T16:30:00+00:00,3707.6,3707.6,0.0,1951.6,-1756.0,0.0,50.0,0.20327,4370.7,3227.4
2026-04-24T16:45:00+00:00,3617.7,3617.7,0.0,2031.6,-1586.0,0.0,50.0,0.20594,3949.4,3316.7
2026-04-24T17:00:00+00:00,3727.6,3727.6,0.0,1901.3,-1826.3,0.0,50.0,0.21088,4158.1,2994.6
2026-04-24T17:15:00+00:00,3372.8,3372.8,0.0,1872.6,-1500.1,0.0,50.0,0.19651,3758.1,3077.3
2026-04-24T17:30:00+00:00,3466.2,3466.2,0.0,1735.1,-1731.1,0.0,50.0,0.2069,3886.2,3050.7
2026-04-24T17:45:00+00:00,3516.8,3516.8,0.0,1607.5,-1909.4,0.0,50.0,0.19917,3972.3,3350.2
2026-04-24T18:00:00+00:00,3160.1,3160.1,0.0,1483.0,-1677.1,0.0,50.0,0.15756,3615.1,3573.4
2026-04-24T18:15:00+00:00,3026.5,3026.5,0.0,1226.5,-1800.0,0.0,50.0,0.15854,3437.6,3541.2
2026-04-24T18:30:00+00:00,0.0,0.0,0.0,1143.1,1143.1,0.0,50.0,0.1596,0.0,0.0
2026-04-24T18:45:00+00:00,0.0,0.0,0.0,910.4,910.4,0.0,50.0,0.15542,0.0,0.0
2026-04-24T19:00:00+00:00,0.0,0.0,0.0,936.5,936.5,0.0,50.0,0.10433,0.0,0.0
2026-04-24T19:15:00+00:00,0.0,0.0,0.0,778.3,778.3,0.0,50.0,0.10821,0.0,0.0
2026-04-24T19:30:00+00:00,0.0,0.0,0.0,744.7,744.7,0.0,50.0,0.10462,0.0,0.0
2026-04-24T19:45:00+00:00,0.0,0.0,0.0,673.5,673.5,0.0,50.0,0.10633,0.0,0.0
2026-04-24T20:00:00+00:00,0.0,0.0,0.0,587.1,587.1,0.0,50.0,0.08847,0.0,0.0
2026-04-24T20:15:00+00:00,0.0,0.0,0.0,501.5,501.5,0.0,50.0,0.08035,0.0,0.0
2026-04-24T20:30:00+00:00,0.0,0.0,0.0,431.3,431.3,0.0,50.0,0.09165,0.0,0.0
2026-04-24T20:45:00+00:00,0.0,0.0,0.0,300.0,300.0,0.0,50.0,0.08809,0.0,0.0
2026-04-24T21:00:00+00:00,0.0,0.0,0.0,300.0,300.0,0.0,50.0,0.08784,0.0,0.0
2026-04-24T21:15:00+00:00,0.0,0.0,0.0,300.0,300.0,0.0,50.0,0.08634,0.0,0.0
2026-04-24T21:30:00+00:00,0.0,0.0,0.0,310.0,310.0,0.0,50.0,0.07784,0.0,0.0
2026-04-24T21:45:00+00:00,0.0,0.0,0.0,387.9,387.9,0.0,50.0,0.08905,0.0,0.0
2026-04-24T22:00:00+00:00,0.0,0.0,0.0,300.0,300.0,0.0,50.0,0.07826,0.0,0.0
2026-04-24T22:15:00+00:00,0.0,0.0,0.0,300.0,300.0,0.0,50.0,0.06886,0.0,0.0
2026-04-24T22:30:00+00:00,0.0,0.0,0.0,300.0,300.0,0.0,50.0,0.08257,0.0,0.0
2026-04-24T22:45:00+00:00,0.0,0.0,0.0,300.0,300.0,0.0,50.0,0.06855,0.0,0.0
2026-04-24T23:00:00+00:00,0.0,0.0,0.0,300.0,300.0,0.0,50.0,0.06947,0.0,0.0
2026-04-24T23:15:00+00:00,0.0,0.0,0.0,300.0,300.0,0.0,50.0,0.0682,0.0,0.0
2026-04-24T23:30:00+00:00,0.0,0.0,0.0,300.0,300.0,0.0,50.0,0.06974,0.0,0.0
2026-04-24T23:45:00+00:00,0.0,0.0,0.0,300.0,300.0,0.0,50.0,0.06045,0.0,0.0
2026-04-25T00:00:00+00:00,0.0,0.0,0.0,309.9,309.9,0.0,50.0,0.05662,0.0,0.0
2026-04-25T00:15:00+00:00,0.0,0.0,0.0,404.0,404.0,0.0,50.0,0.06543,0.0,0.0
2026-04-25T00:30:00+00:00,0.0,0.0,0.0,352.9,352.9,0.0,50.0,0.06289,0.0,0.0
2026-04-25T00:45:00+00:00,0.0,0.0,0.0,331.6,331.6,0.0,50.0,0.07052,0.0,0.0
2026-04-25T01:00:00+00:00,0.0,0.0,0.0,334.1,334.1,0.0,50.0,0.05691,0.0,0.0
2026-04-25T01:15:00+00:00,0.0,0.0,0.0,363.0,363.0,0.0,50.0,0.06046,0.0,0.0
2026-04-25T01:30:00+00:00,0.0,0.0,0.0,363.2,363.2,0.0,50.0,0.06078,0.0,0.0
2026-04-25T01:45:00+00:00,0.0,0.0,0.0,314.9,314.9,0.0,50.0,0.06649,0.0,0.0
2026-04-25T02:00:00+00:00,0.0,0.0,0.0,300.0,300.0,0.0,50.0,0.06336,0.0,0.0
2026-04-25T02:15:00+00:00,0.0,0.0,0.0,300.0,300.0,0.0,50.0,0.06284,0.0,0.0
2026-04-25T02:30:00+00:00,0.0,0.0,0.0,300.0,300.0,0.0,50.0,0.05241,0.0,0.0
2026-04-25T02:45:00+00:00,0.0,0.0,0.0,300.0,300.0,0.0,50.0,0.06428,0.0,0.0
2026-04-25T03:00:00+00:00,0.0,0.0,0.0,300.0,300.0,0.0,50.0,0.06796,0.0,0.0
2026-04-25T03:15:00+00:00,0.0,0.0,0.0,300.0,300.0,0.0,50.0,0.06481,0.0,0.0
2026-04-25T03:30:00+00:00,0.0,0.0,0.0,300.0,300.0,0.0,50.0,0.07346,0.0,0.0
2026-04-25T03:45:00+00:00,0.0,0.0,0.0,302.8,302.8,0.0,50.0,0.0698,0.0,0.0
2026-04-25T04:00:00+00:00,0.0,0.0,0.0,420.1,420.1,0.0,50.0,0.08254,0.0,0.0
2026-04-25T04:15:00+00:00,0.0,0.0,0.0,460.0,460.0,0.0,50.0,0.0901,0.0,0.0
2026-04-25T04:30:00+00:00,0.0,0.0,0.0,385.7,385.7,0.0,50.0,0.07928,0.0,0.0
2026-04-25T04:45:00+00:00,2705.3,2705.3,0.0,439.3,-2266.0,0.0,50.0,0.08204,1652.0,1935.2
2026-04-25T05:00:00+00:00,3073.2,3073.2,0.0,529.4,-2543.7,0.0,50.0,0.10492,1928.5,2431.4
2026-04-25T05:15:00+00:00,3345.5,3345.5,0.0,485.4,-2860.1,0.0,50.0,0.11283,2196.5,2757.7
2026-04-25T05:30:00+00:00,3451.4,3451.4,0.0,638.0,-2813.4,0.0,50.0,0.09885,2331.2,2737.4
2026-04-25T05:45:00+00:00,3599.6,3599.6,0.0,805.9,-2793.7,0.0,50.0,0.10095,2441.6,2807.1
2026-04-25T06:00:00+00:00,3885.1,3885.1,0.0,922.1,-2963.0,0.0,50.0,0.10314,2609.2,3133.3
2026-04-25T06:15:00+00:00,4385.1,4385.1,0.0,1013.7,-3371.3,0.0,50.0,0.10127,3119.2,3571.0
2026-04-25T06:30:00+00:00,4625.6,4625.6,0.0,913.0,-3712.6,0.0,50.0,0.0932,3219.0,3700.8
2026-04-25T06:45:00+00:00,4926.7,4926.7,0.0,935.9,-3990.8,0.0,50.0,0.0941,3355.6,3519.8
2026-04-25T07:00:00+00:00,4952.3,4952.3,0.0,1070.5,-3881.8,0.0,50.0,0.05774,3321.5,3743.0
2026-04-25T07:15:00+00:00,4884.0,4884.0,0.0,1073.6,-3810.4,0.0,50.0,0.06824,3240.5,4002.9
2026-04-25T07:30:00+00:00,5327.4,5327.4,0.0,1002.3,-4325.1,0.0,50.0,0.07043,3609.3,4350.7
2026-04-25T07:45:00+00:00,5534.4,5534.4,0.0,924.0,-4610.4,0.0,50.0,0.06973,3760.2,4586.4
2026-04-25T08:00:00+00:00,5802.1,5802.1,0.0,827.7,-4974.4,0.0,50.0,0.03125,4012.5,4677.4
2026-04-25T08:15:00+00:00,5588.0,5588.0,0.0,843.1,-4744.9,0.0,50.0,0.04058,4008.6,5098.3
2026-04-25T08:30:00+00:00,5504.0,5504.0,0.0,845.5,-4658.6,0.0,50.0,0.02741,3877.8,4345.9
2026-04-25T08:45:00+00:00,5575.3,5575.3,0.0,743.9,-4831.5,0.0,50.0,0.03075,3925.6,4091.1
2026-04-25T09:00:00+00:00,5592.4,5592.4,0.0,655.0,-4937.4,0.0,50.0,-0.00221,3968.0,4605.3
2026-04-25T09:15:00+00:00,6285.1,6285.1,0.0,633.7,-5651.4,0.0,50.0,0.00715,4395.6,5121.5
2026-04-25T09:30:00+00:00,6032.1,6032.1,0.0,779.8,-5252.3,0.0,50.0,0.00639,4031.7,4708.9
2026-04-25T09:45:00+00:00,6508.5,6508.5,0.0,907.4,-5601.1,0.0,50.0,-0.00048,4196.9,4940.8
2026-04-25T10:00:00+00:00,6549.1,6549.1,0.0,856.2,-5692.8,0.0,50.0,-0.01163,4261.1,5704.3
2026-04-25T10:15:00+00:00,7101.6,7101.6,0.0,751.2,-6350.5,0.0,50.0,-0.01572,4843.5,6149.3
2026-04-25T10:30:00+00:00,7601.9,7601.9,0.0,837.9,-6763.9,0.0,50.0,-0.00662,5009.0,6109.7
2026-04-25T10:45:00+00:00,7733.3,7733.3,0.0,864.3,-6869.1,0.0,50.0,-0.00822,5116.3,5789.2
2026-04-25T11:00:00+00:00,7837.8,7837.8,0.0,801.2,-7036.5,0.0,50.0,-0.01411,5233.8,6163.8
2026-04-25T11:15:00+00:00,7903.5,7903.5,0.0,872.0,-7031.5,0.0,50.0,-0.01686,5444.9,5956.5
2026-04-25T11:30:00+00:00,7963.9,7963.9,0.0,793.5,-7170.4,0.0,50.0,-0.01278,5188.2,5552.5
2026-04-25T11:45:00+00:00,7826.2,7826.2,0.0,767.9,-7058.3,0.0,50.0,-0.01937,4889.2,4954.7
2026-04-25T12:00:00+00:00,7908.6,7908.6,0.0,713.4,-7195.2,0.0,50.0,0.01431,4933.2,4732.3
2026-04-25T12:15:00+00:00,7786.8,7786.8,0.0,705.9,-7080.8,0.0,50.0,0.01514,4861.0,6308.1
2026-04-25T12:30:00+00:00,7256.4,7256.4,0.0,728.3,-6528.1,0.0,50.0,0.00488,4612.5,6001.6
2026-04-25T12:45:00+00:00,6854.6,6854.6,0.0,813.5,-6041.2,0.0,50.0,0.00749,4566.9,5689.3
2026-04-25T13:00:00+00:00,7027.9,7027.9,0.0,724.8,-6303.1,0.0,50.0,0.0324,4832.6,5821.9
2026-04-25T13:15:00+00:00,6827.7,6827.7,0.0,752.3,-6075.3,0.0,50.0,0.03581,4979.5,6044.1
2026-04-25T13:30:00+00:00,6430.9,6430.9,0.0,717.6,-5713.3,0.0,50.0,0.02959,4750.0,5668.3
2026-04-25T13:45:00+00:00,5881.1,5881.1,0.0,747.5,-5133.6,0.0,50.0,0.02976,4055.7,4533.7
2026-04-25T14:00:00+00:00,5580.1,5580.1,0.0,751.2,-4828.9,0.0,50.0,0.07855,4124.0,4209.3
2026-04-25T14:15:00+00:00,5598.2,5598.2,0.0,755.2,-4843.0,0.0,50.0,0.07647,3944.0,4301.8
2026-04-25T14:30:00+00:00,5320.6,5320.6,0.0,837.6,-4482.9,0.0,50.0,0.07419,3669.0,4043.7
2026-04-25T14:45:00+00:00,5409.9,5409.9,0.0,826.4,-4583.5,0.0,50.0,0.07499,3426.3,4445.2
2026-04-25T15:00:00+00:00,4623.8,4623.8,0.0,1001.7,-3622.1,0.0,50.0,0.13758,3019.3,3909.2
2026-04-25T15:15:00+00:00,4400.6,4400.6,0.0,1054.7,-3346.0,0.0,50.0,0.13985,3019.5,3564.4
2026-04-25T15:30:00+00:00,4241.7,4241.7,0.0,1176.7,-3065.0,0.0,50.0,0.13478,2766.1,3410.5
2026-04-25T15:45:00+00:00,4544.8,4544.8,0.0,1401.4,-3143.4,0.0,50.0,0.14339,3017.2,3746.6
2026-04-25T16:00:00+00:00,4694.6,4694.6,0.0,1581.6,-3113.0,0.0,50.0,0.19745,3173.8,4207.0
2026-04-25T16:15:00+00:00,4391.4,4391.4,0.0,1826.9,-2564.4,0.0,50.0,0.19544,2990.2,3868.1
2026-04-25T16:30:00+00:00,4603.5,4603.5,0.0,2050.8,-2552.7,0.0,50.0,0.20028,3168.1,3772.0
2026-04-25T16:45:00+00:00,4281.6,4281.6,0.0,2052.2,-2229.4,0.0,50.0,0.20002,2841.3,3616.9
2026-04-25T17:00:00+00:00,4576.1,4576.1,0.0,2080.0,-2496.1,0.0,50.0,0.19379,2842.6,3767.5
2026-04-25T17:15:00+00:00,4548.5,4548.5,0.0,1895.6,-2652.9,0.0,50.0,0.20297,2891.0,3614.4
2026-04-25T17:30:00+00:00,4636.9,4636.9,0.0,1728.6,-2908.3,0.0,50.0,0.20627,2986.7,3542.8
2026-04-25T17:45:00+00:00,4588.7,4588.7,0.0,1581.5,-3007.2,0.0,50.0,0.20341,2944.3,3606.7
2026-04-25T18:00:00+00:00,4297.1,4297.1,0.0,1429.0,-2868.2,0.0,50.0,0.15245,2877.3,3726.9
2026-04-25T18:15:00+00:00,4164.1,4164.1,0.0,1314.8,-2849.3,0.0,50.0,0.1484,2870.5,3562.2
2026-04-25T18:30:00+00:00,0.0,0.0,0.0,1005.1,1005.1,0.0,50.0,0.14758,0.0,0.0
2026-04-25T18:45:00+00:00,0.0,0.0,0.0,895.7,895.7,0.0,50.0,0.14782,0.0,0.0
2026-04-25T19:00:00+00:00,0.0,0.0,0.0,710.0,710.0,0.0,50.0,0.11117,0.0,0.0
2026-04-25T19:15:00+00:00,0.0,0.0,0.0,641.2,641.2,0.0,50.0,0.1097,0.0,0.0
2026-04-25T19:30:00+00:00,0.0,0.0,0.0,509.6,509.6,0.0,50.0,0.10594,0.0,0.0
2026-04-25T19:45:00+00:00,0.0,0.0,0.0,551.2,551.2,0.0,50.0,0.10176,0.0,0.0
2026-04-25T20:00:00+00:00,0.0,0.0,0.0,412.5,412.5,0.0,50.0,0.09164,0.0,0.0
2026-04-25T20:15:00+00:00,0.0,0.0,0.0,375.5,375.5,0.0,50.0,0.08375,0.0,0.0
2026-04-25T20:30:00+00:00,0.0,0.0,0.0,318.7,318.7,0.0,50.0,0.09265,0.0,0.0
2026-04-25T20:45:00+00:00,0.0,0.0,0.0,368.8,368.8,0.0,50.0,0.09167,0.0,0.0
2026-04-25T21:00:00+00:00,0.0,0.0,0.0,379.4,379.4,0.0,50.0,0.08379,0.0,0.0
2026-04-25T21:15:00+00:00,0.0,0.0,0.0,356.3,356.3,0.0,50.0,0.08081,0.0,0.0
2026-04-25T21:30:00+00:00,0.0,0.0,0.0,300.0,300.0,0.0,50.0,0.07831,0.0,0.0
2026-04-25T21:45:00+00:00,0.0,0.0,0.0,300.0,300.0,0.0,50.0,0.08171,0.0,0.0
2026-04-25T22:00:00+00:00,0.0,0.0,0.0,300.0,300.0,0.0,50.0,0.07479,0.0,0.0
2026-04-25T22:15:00+00:00,0.0,0.0,0.0,300.0,300.0,0.0,50.0,0.06042,0.0,0.0
2026-04-25T22:30:00+00:00,0.0,0.0,0.0,300.0,300.0,0.0,50.0,0.07363,0.0,0.0
2026-04-25T22:45:00+00:00,0.0,0.0,0.0,313.5,313.5,0.0,50.0,0.07042,0.0,0.0
2026-04-25T23:00:00+00:00,0.0,0.0,0.0,300.0,300.0,0.0,50.0,0.06442,0.0,0.0
2026-04-25T23:15:00+00:00,0.0,0.0,0.0,300.0,300.0,0.0,50.0,0.06909,0.0,0.0
2026-04-25T23:30:00+00:00,0.0,0.0,0.0,300.0,300.0,0.0,50.0,0.06948,0.0,0.0
2026-04-25T23:45:00+00:00,0.0,0.0,0.0,413.5,413.5,0.0,50.0,0.06499,0.0,0.0
2026-04-26T00:00:00+00:00,0.0,0.0,0.0,300.0,300.0,0.0,50.0,0.05069,0.0,0.0
2026-04-26T00:15:00+00:00,0.0,0.0,0.0,300.0,300.0,0.0,50.0,0.06649,0.0,0.0
2026-04-26T00:30:00+00:00,0.0,0.0,0.0,300.0,300.0,0.0,50.0,0.06133,0.0,0.0
2026-04-26T00:45:00+00:00,0.0,0.0,0.0,352.9,352.9,0.0,50.0,0.05789,0.0,0.0
2026-04-26T01:00:00+00:00,0.0,0.0,0.0,393.8,393.8,0.0,50.0,0.05173,0.0,0.0
2026-04-26T01:15:00+00:00,0.0,0.0,0.0,300.0,300.0,0.0,50.0,0.06143,0.0,0.0
2026-04-26T01:30:00+00:00,0.0,0.0,0.0,300.0,300.0,0.0,50.0,0.0649,0.0,0.0
2026-04-26T01:45:00+00:00,0.0,0.0,0.0,300.0,300.0,0.0,50.0,0.06208,0.0,0.0
2026-04-26T02:00:00+00:00,0.0,0.0,0.0,300.0,300.0,0.0,50.0,0.06612,0.0,0.0
2026-04-26T02:15:00+00:00,0.0,0.0,0.0,300.0,300.0,0.0,50.0,0.05707,0.0,0.0
2026-04-26T02:30:00+00:00,0.0,0.0,0.0,356.0,356.0,0.0,50.0,0.06255,0.0,0.0
2026-04-26T02:45:00+00:00,0.0,0.0,0.0,300.0,300.0,0.0,50.0,0.063,0.0,0.0
2026-04-26T03:00:00+00:00,0.0,0.0,0.0,300.0,300.0,0.0,50.0,0.06869,0.0,0.0
2026-04-26T03:15:00+00:00,0.0,0.0,0.0,300.0,300.0,0.0,50.0,0.0714,0.0,0.0
2026-04-26T03:30:00+00:00,0.0,0.0,0.0,403.8,403.8,0.0,50.0,0.0723,0.0,0.0
2026-04-26T03:45:00+00:00,0.0,0.0,0.0,484.2,484.2,0.0,50.0,0.06892,0.0,0.0
2026-04-26T04:00:00+00:00,0.0,0.0,0.0,513.7,513.7,0.0,50.0,0.08335,0.0,0.0
2026-04-26T04:15:00+00:00,0.0,0.0,0.0,597.6,597.6,0.0,50.0,0.08933,0.0,0.0
2026-04-26T04:30:00+00:00,0.0,0.0,0.0,414.1,414.1,0.0,50.0,0.0917,0.0,0.0
2026-04-26T04:45:00+00:00,2091.5,2091.5,0.0,419.0,-1672.5,0.0,50.0,0.08785,2089.4,2585.0
2026-04-26T05:00:00+00:00,2366.1,2366.1,0.0,406.0,-1960.1,0.0,50.0,0.11396,2284.9,3006.9
2026-04-26T05:15:00+00:00,2776.8,2776.8,0.0,510.8,-2266.0,0.0,50.0,0.10188,2785.9,3367.8
2026-04-26T05:30:00+00:00,2990.0,2990.0,0.0,619.7,-2370.3,0.0,50.0,0.10493,3025.9,3433.3
2026-04-26T05:45:00+00:00,3164.1,3164.1,0.0,677.6,-2486.5,0.0,50.0,0.10686,3457.1,3244.0
2026-04-26T06:00:00+00:00,3286.4,3286.4,0.0,805.7,-2480.7,0.0,50.0,0.09614,3495.5,2995.6
2026-04-26T06:15:00+00:00,3809.1,3809.1,0.0,857.9,-2951.2,0.0,50.0,0.09638,3785.3,3471.1
2026-04-26T06:30:00+00:00,4135.8,4135.8,0.0,948.7,-3187.1,0.0,50.0,0.09982,4364.6,3815.9
2026-04-26T06:45:00+00:00,4338.4,4338.4,0.0,960.5,-3377.8,0.0,50.0,0.09371,4439.1,4161.1
2026-04-26T07:00:00+00:00,4267.3,4267.3,0.0,1103.7,-3163.6,0.0,50.0,0.07438,4277.9,3826.8
2026-04-26T07:15:00+00:00,4392.0,4392.0,0.0,1201.3,-3190.7,0.0,50.0,0.06822,4399.9,3935.9
2026-04-26T07:30:00+00:00,4696.7,4696.7,0.0,1124.0,-3572.7,0.0,50.0,0.07565,4392.1,4028.8
2026-04-26T07:45:00+00:00,5217.5,5217.5,0.0,1022.3,-4195.2,0.0,50.0,0.07257,4823.0,4074.1
2026-04-26T08:00:00+00:00,5306.5,5306.5,0.0,907.5,-4399.1,0.0,50.0,0.05066,4701.3,4244.3
2026-04-26T08:15:00+00:00,4980.2,4980.2,0.0,743.1,-4237.2,0.0,50.0,0.04675,4291.6,4432.6
2026-04-26T08:30:00+00:00,5029.0,5029.0,0.0,673.3,-4355.8,0.0,50.0,0.04088,4794.3,4839.9
2026-04-26T08:45:00+00:00,4872.6,4872.6,0.0,771.9,-4100.7,0.0,50.0,0.04993,4229.8,4540.2
2026-04-26T09:00:00+00:00,4900.7,4900.7,0.0,782.4,-4118.3,0.0,50.0,0.02486,4336.5,5280.7
2026-04-26T09:15:00+00:00,4842.5,4842.5,0.0,690.1,-4152.4,0.0,50.0,0.01577,4594.9,5909.2
2026-04-26T09:30:00+00:00,5335.8,5335.8,0.0,599.6,-4736.3,0.0,50.0,0.02489,4772.4,6126.5
2026-04-26T09:45:00+00:00,5564.6,5564.6,0.0,604.9,-4959.7,0.0,50.0,0.02083,5492.7,6114.1
2026-04-26T10:00:00+00:00,5932.0,5932.0,0.0,655.0,-5276.9,0.0,50.0,0.00634,5130.3,6945.4
2026-04-26T10:15:00+00:00,6523.1,6523.1,0.0,622.4,-5900.7,0.0,50.0,0.00771,6004.3,7326.1
2026-04-26T10:30:00+00:00,6348.0,6348.0,0.0,716.7,-5631.3,0.0,50.0,0.00188,5743.5,6434.4
2026-04-26T10:45:00+00:00,6386.8,6386.8,0.0,805.8,-5580.9,0.0,50.0,0.00075,5825.1,6377.2
2026-04-26T11:00:00+00:00,6148.7,6148.7,0.0,719.4,-5429.2,0.0,50.0,0.00355,5992.5,6261.9
2026-04-26T11:15:00+00:00,6411.0,6411.0,0.0,714.6,-5696.3,0.0,50.0,0.00097,6173.1,6340.3
2026-04-26T11:30:00+00:00,6166.2,6166.2,0.0,749.5,-5416.7,0.0,50.0,0.00985,6584.9,6219.7
2026-04-26T11:45:00+00:00,6088.6,6088.6,0.0,851.8,-5236.8,0.0,50.0,0.00833,6602.3,7082.7
2026-04-26T12:00:00+00:00,5677.8,5677.8,0.0,886.1,-4791.6,0.0,50.0,0.01572,6438.4,7191.4
2026-04-26T12:15:00+00:00,5046.4,5046.4,0.0,791.0,-4255.4,0.0,50.0,0.02214,5610.1,6622.7
2026-04-26T12:30:00+00:00,5366.8,5366.8,0.0,722.4,-4644.4,0.0,50.0,0.01795,5900.9,7136.2
2026-04-26T12:45:00+00:00,5482.3,5482.3,0.0,711.9,-4770.4,0.0,50.0,0.02269,5691.2,7918.5
2026-04-26T13:00:00+00:00,5427.9,5427.9,0.0,732.2,-4695.7,0.0,50.0,0.04197,5525.8,7812.1
2026-04-26T13:15:00+00:00,5147.0,5147.0,0.0,693.4,-4453.6,0.0,50.0,0.0398,5016.2,6993.3
2026-04-26T13:30:00+00:00,4897.7,4897.7,0.0,582.6,-4315.1,0.0,50.0,0.04475,4604.0,6488.2
2026-04-26T13:45:00+00:00,4482.5,4482.5,0.0,660.6,-3822.0,0.0,50.0,0.0419,3951.9,5479.3
2026-04-26T14:00:00+00:00,4412.1,4412.1,0.0,711.1,-3701.0,0.0,50.0,0.07488,3698.6,5378.1
2026-04-26T14:15:00+00:00,4470.4,4470.4,0.0,695.2,-3775.2,0.0,50.0,0.08648,3647.6,5243.9
2026-04-26T14:30:00+00:00,4051.0,4051.0,0.0,809.3,-3241.7,0.0,50.0,0.08672,2924.0,4625.8
2026-04-26T14:45:00+00:00,3816.1,3816.1,0.0,783.1,-3033.0,0.0,50.0,0.08554,2838.1,4416.4
2026-04-26T15:00:00+00:00,3842.5,3842.5,0.0,971.9,-2870.6,0.0,50.0,0.1412,3011.8,3993.4
2026-04-26T15:15:00+00:00,3778.7,3778.7,0.0,1023.7,-2755.0,0.0,50.0,0.14628,3317.8,3652.3
2026-04-26T15:30:00+00:00,3642.0,3642.0,0.0,1210.2,-2431.8,0.0,50.0,0.1456,3183.5,3532.2
2026-04-26T15:45:00+00:00,3569.3,3569.3,0.0,1445.3,-2124.0,0.0,50.0,0.13431,3148.5,3328.1
2026-04-26T16:00:00+00:00,3781.6,3781.6,0.0,1690.8,-2090.8,0.0,50.0,0.19766,3329.4,3521.2
2026-04-26T16:15:00+00:00,4060.7,4060.7,0.0,1740.0,-2320.7,0.0,50.0,0.19764,3629.5,3786.8
2026-04-26T16:30:00+00:00,3990.5,3990.5,0.0,1692.2,-2298.4,0.0,50.0,0.19448,3515.4,4027.3
2026-04-26T16:45:00+00:00,3765.6,3765.6,0.0,1715.4,-2050.2,0.0,50.0,0.19315,3306.2,4088.1
2026-04-26T17:00:00+00:00,3714.8,3714.8,0.0,1687.6,-2027.2,0.0,50.0,0.20379,3338.9,4094.0
2026-04-26T17:15:00+00:00,3587.1,3587.1,0.0,1735.2,-1851.9,0.0,50.0,0.1993,3405.2,3750.3
2026-04-26T17:30:00+00:00,3578.4,3578.4,0.0,1813.0,-1765.3,0.0,50.0,0.20139,3776.1,3814.7
2026-04-26T17:45:00+00:00,3841.1,3841.1,0.0,1797.4,-2043.7,0.0,50.0,0.20825,4012.9,3722.3
2026-04-26T18:00:00+00:00,3776.2,3776.2,0.0,1612.0,-2164.2,0.0,50.0,0.15933,3973.6,3420.9
2026-04-26T18:15:00+00:00,3403.4,3403.4,0.0,1340.8,-2062.6,0.0,50.0,0.14733,3515.0,3198.4
2026-04-26T18:30:00+00:00,0.0,0.0,0.0,1127.5,1127.5,0.0,50.0,0.155,0.0,0.0
2026-04-26T18:45:00+00:00,0.0,0.0,0.0,876.5,876.5,0.0,50.0,0.15587,0.0,0.0
2026-04-26T19:00:00+00:00,0.0,0.0,0.0,817.5,817.5,0.0,50.0,0.10601,0.0,0.0
2026-04-26T19:15:00+00:00,0.0,0.0,0.0,732.8,732.8,0.0,50.0,0.10637,0.0,0.0
2026-04-26T19:30:00+00:00,0.0,0.0,0.0,768.2,768.2,0.0,50.0,0.0968,0.0,0.0
2026-04-26T19:45:00+00:00,0.0,0.0,0.0,604.3,604.3,0.0,50.0,0.10205,0.0,0.0
2026-04-26T20:00:00+00:00,0.0,0.0,0.0,472.1,472.1,0.0,50.0,0.08148,0.0,0.0
2026-04-26T20:15:00+00:00,0.0,0.0,0.0,450.5,450.5,0.0,50.0,0.08457,0.0,0.0
2026-04-26T20:30:00+00:00,0.0,0.0,0.0,481.1,481.1,0.0,50.0,0.08366,0.0,0.0
2026-04-26T20:45:00+00:00,0.0,0.0,0.0,314.5,314.5,0.0,50.0,0.08164,0.0,0.0
2026-04-26T21:00:00+00:00,0.0,0.0,0.0,312.4,312.4,0.0,50.0,0.07746,0.0,0.0
2026-04-26T21:15:00+00:00,0.0,0.0,0.0,452.3,452.3,0.0,50.0,0.07521,0.0,0.0
2026-04-26T21:30:00+00:00,0.0,0.0,0.0,300.0,300.0,0.0,50.0,0.08342,0.0,0.0
2026-04-26T21:45:00+00:00,0.0,0.0,0.0,426.9,426.9,0.0,50.0,0.08939,0.0,0.0
